area,areaLabel_en,entity id,function name,abstract line,eng concrete line,eng lexicon line;;;;;;;;;;;;;;;;;;;;;;;;;;;;;;;;;;;;;;;;;;;;;;;;;;;;;;;;;;;;;;;;;;;;;;;;;;;;;;;;;;;;;;;;;;;;;;;;;;;;;;;;;;;;;;;;;;;;;;;;;;;;;;;;;;;;;;;;;;;;;;;;;;;;;;;;;;;;;;;;;;;;;;;;;;;;;;;;;;;;;;;;;;;;;;;;;;;;;;;;;;;;;;;;;;;;;;;;;;;;;;;;;;;;;;;;;;;;;;;;;;;;;;;;;;;;;;;;;;;;;;;;;;;;;;;;;;;;;;;;;;;;;;;;;;;;;;;;;;;;;;;;;;;;;;;;;;;;;;;;;;;;;;;;;;;;;;;;;;;;;;;;;;;;;;;;;;;
http://www.wikidata.org/entity/Q9260,Tajik,Q9260,Tajik,Tajik : Country,Tajik = mkNP Tajik_N ;",""Tajik_N : N = mkN """"Tajik"""" ";"
http://www.wikidata.org/entity/Q33491,Haitian Creole,Q33491,Haitian_Creole,HaitianCreole : Country,HaitianCreole = mkNP HaitianCreole_N ;,HaitianCreole_N : N = mkN """"Haitian Creole"""" ";"
http://www.wikidata.org/entity/Q33655,Nigerian Pidgin,Q33655,Nigerian_Pidgin,NigerianPidgin : Country,NigerianPidgin = mkNP NigerianPidgin_N ;,NigerianPidgin_N : N = mkN """"Nigerian Pidgin"""" ";"
http://www.wikidata.org/entity/Q33954,Sango,Q33954,Sango,Sango : Country,Sango = mkNP Sango_N ;,Sango_N : N = mkN """"Sango"""" ";"
http://www.wikidata.org/entity/Q110620923,Standard Indonesian,Q110620923,Standard_Indonesian,StandardIndonesian : Country,StandardIndonesian = mkNP StandardIndonesian_N ;,StandardIndonesian_N : N = mkN """"Standard Indonesian"""" ";"
http://www.wikidata.org/entity/Q34159,Tok Pisin,Q34159,Tok_Pisin,TokPisin : Country,TokPisin = mkNP TokPisin_N ;,TokPisin_N : N = mkN """"Tok Pisin"""" ";"
http://www.wikidata.org/entity/Q35541,Cameroon Pidgin,Q35541,Cameroon_Pidgin,CameroonPidgin : Country,CameroonPidgin = mkNP CameroonPidgin_N ;,CameroonPidgin_N : N = mkN """"Cameroon Pidgin"""" ";"
http://www.wikidata.org/entity/Q35939,Jamaican Patois,Q35939,Jamaican_Patois,JamaicanPatois : Country,JamaicanPatois = mkNP JamaicanPatois_N ;,JamaicanPatois_N : N = mkN """"Jamaican Patois"""" ";"
http://www.wikidata.org/entity/Q143,Esperanto,Q143,Esperanto,Esperanto : Country,Esperanto = mkNP Esperanto_N ;,Esperanto_N : N = mkN """"Esperanto"""" ";"
http://www.wikidata.org/entity/Q150,French,Q150,French,French : Country,French = mkNP French_N ;,French_N : N = mkN """"French"""" ";"
http://www.wikidata.org/entity/Q56323,Gamo-Gofa-Dawro,Q56323,Gamo_Gofa_Dawro,Gamo-Gofa-Dawro : Country,Gamo-Gofa-Dawro = mkNP Gamo-Gofa-Dawro_N ;,Gamo-Gofa-Dawro_N : N = mkN """"Gamo-Gofa-Dawro"""" ";"
http://www.wikidata.org/entity/Q56410,S'gaw Karen,Q56410,Sgaw_Karen,S'gawKaren : Country,S'gawKaren = mkNP S'gawKaren_N ;,S'gawKaren_N : N = mkN """"S'gaw Karen"""" ";"
http://www.wikidata.org/entity/Q56466,Dinka,Q56466,Dinka,Dinka : Country,Dinka = mkNP Dinka_N ;,Dinka_N : N = mkN """"Dinka"""" ";"
http://www.wikidata.org/entity/Q56426,Moroccan Arabic,Q56426,Moroccan_Arabic,MoroccanArabic : Country,MoroccanArabic = mkNP MoroccanArabic_N ;,MoroccanArabic_N : N = mkN """"Moroccan Arabic"""" ";"
http://www.wikidata.org/entity/Q56503,Libyan Arabic,Q56503,Libyan_Arabic,LibyanArabic : Country,LibyanArabic = mkNP LibyanArabic_N ;,LibyanArabic_N : N = mkN """"Libyan Arabic"""" ";"
http://www.wikidata.org/entity/Q56508,Southern Thai,Q56508,Southern_Thai,SouthernThai : Country,SouthernThai = mkNP SouthernThai_N ;,SouthernThai_N : N = mkN """"Southern Thai"""" ";"
http://www.wikidata.org/entity/Q56483,Laki,Q56483,Laki,Laki : Country,Laki = mkNP Laki_N ;,Laki_N : N = mkN """"Laki"""" ";"
http://www.wikidata.org/entity/Q56479,Jin,Q56479,Jin,Jin : Country,Jin = mkNP Jin_N ;,Jin_N : N = mkN """"Jin"""" ";"
http://www.wikidata.org/entity/Q8108,Georgian,Q8108,Georgian,Georgian : Country,Georgian = mkNP Georgian_N ;,Georgian_N : N = mkN """"Georgian"""" ";"
http://www.wikidata.org/entity/Q9240,Indonesian,Q9240,Indonesian,Indonesian : Country,Indonesian = mkNP Indonesian_N ;,Indonesian_N : N = mkN """"Indonesian"""" ";"
http://www.wikidata.org/entity/Q256,Turkish,Q256,Turkish,Turkish : Country,Turkish = mkNP Turkish_N ;,Turkish_N : N = mkN """"Turkish"""" ";"
http://www.wikidata.org/entity/Q33475,Gan Chinese,Q33475,Gan_Chinese,GanChinese : Country,GanChinese = mkNP GanChinese_N ;,GanChinese_N : N = mkN """"Gan Chinese"""" ";"
http://www.wikidata.org/entity/Q33474,Lambadi,Q33474,Lambadi,Lambadi : Country,Lambadi = mkNP Lambadi_N ;,Lambadi_N : N = mkN """"Lambadi"""" ";"
http://www.wikidata.org/entity/Q35147,Cusco Quechua,Q35147,Cusco_Quechua,CuscoQuechua : Country,CuscoQuechua = mkNP CuscoQuechua_N ;,CuscoQuechua_N : N = mkN """"Cusco Quechua"""" ";"
http://www.wikidata.org/entity/Q15065,Malaysian Malay / Malaysian,Q15065,Malaysian_Malay_/_Malaysian,MalaysianMalay/Malaysian : Country,MalaysianMalay/Malaysian = mkNP MalaysianMalay/Malaysian_N ;,MalaysianMalay/Malaysian_N : N = mkN """"Malaysian Malay / Malaysian"""" ";"
http://www.wikidata.org/entity/Q35159,Dagaare,Q35159,Dagaare,Dagaare : Country,Dagaare = mkNP Dagaare_N ;,Dagaare_N : N = mkN """"Dagaare"""" ";"
http://www.wikidata.org/entity/Q35107,Baoulé,Q35107,Baoule,Baoulé : Country,Baoulé = mkNP Baoulé_N ;,Baoulé_N : N = mkN """"Baoulé"""" ";"
http://www.wikidata.org/entity/Q35100,Bouyei,Q35100,Bouyei,Bouyei : Country,Bouyei = mkNP Bouyei_N ;,Bouyei_N : N = mkN """"Bouyei"""" ";"
http://www.wikidata.org/entity/Q33454,Fula,Q33454,Fula,Fula : Country,Fula = mkNP Fula_N ;,Fula_N : N = mkN """"Fula"""" ";"
http://www.wikidata.org/entity/Q33459,Garhwali,Q33459,Garhwali,Garhwali : Country,Garhwali = mkNP Garhwali_N ;,Garhwali_N : N = mkN """"Garhwali"""" ";"
http://www.wikidata.org/entity/Q9301,Serbo-Croatian,Q9301,Serbo_Croatian,Serbo-Croatian : Country,Serbo-Croatian = mkNP Serbo-Croatian_N ;,Serbo-Croatian_N : N = mkN """"Serbo-Croatian"""" ";"
http://www.wikidata.org/entity/Q652,Italian,Q652,Italian,Italian : Country,Italian = mkNP Italian_N ;,Italian_N : N = mkN """"Italian"""" ";"
http://www.wikidata.org/entity/Q809,Polish,Q809,Polish,Polish : Country,Polish = mkNP Polish_N ;,Polish_N : N = mkN """"Polish"""" ";"
http://www.wikidata.org/entity/Q56601,Khams Tibetan,Q56601,Khams_Tibetan,KhamsTibetan : Country,KhamsTibetan = mkNP KhamsTibetan_N ;,KhamsTibetan_N : N = mkN """"Khams Tibetan"""" ";"
http://www.wikidata.org/entity/Q56593,Levantine Arabic,Q56593,Levantine_Arabic,LevantineArabic : Country,LevantineArabic = mkNP LevantineArabic_N ;,LevantineArabic_N : N = mkN """"Levantine Arabic"""" ";"
http://www.wikidata.org/entity/Q1321,Spanish,Q1321,Spanish,Spanish : Country,Spanish = mkNP Spanish_N ;,Spanish_N : N = mkN """"Spanish"""" ";"
http://www.wikidata.org/entity/Q56583,Pu-Xian Min,Q56583,Pu_Xian_Min,Pu-XianMin : Country,Pu-XianMin = mkNP Pu-XianMin_N ;,Pu-XianMin_N : N = mkN """"Pu-Xian Min"""" ";"
http://www.wikidata.org/entity/Q56592,Saʽidi Arabic,Q56592,Saidi_Arabic,SaʽidiArabic : Country,SaʽidiArabic = mkNP SaʽidiArabic_N ;,SaʽidiArabic_N : N = mkN """"Saʽidi Arabic"""" ";"
http://www.wikidata.org/entity/Q56546,Huizhou Chinese,Q56546,Huizhou_Chinese,HuizhouChinese : Country,HuizhouChinese = mkNP HuizhouChinese_N ;,HuizhouChinese_N : N = mkN """"Huizhou Chinese"""" ";"
http://www.wikidata.org/entity/Q33522,Kabardian,Q33522,Kabardian,Kabardian : Country,Kabardian = mkNP Kabardian_N ;,Kabardian_N : N = mkN """"Kabardian"""" ";"
http://www.wikidata.org/entity/Q727694,Standard Chinese,Q727694,Standard_Chinese,StandardChinese : Country,StandardChinese = mkNP StandardChinese_N ;,StandardChinese_N : N = mkN """"Standard Chinese"""" ";"
http://www.wikidata.org/entity/Q35172,Makonde,Q35172,Makonde,Makonde : Country,Makonde = mkNP Makonde_N ;,Makonde_N : N = mkN """"Makonde"""" ";"
http://www.wikidata.org/entity/Q9237,Malay,Q9237,Malay,Malay : Country,Malay = mkNP Malay_N ;,Malay_N : N = mkN """"Malay"""" ";"
http://www.wikidata.org/entity/Q33549,Javanese,Q33549,Javanese,Javanese : Country,Javanese = mkNP Javanese_N ;,Javanese_N : N = mkN """"Javanese"""" ";"
http://www.wikidata.org/entity/Q33529,Kumaoni,Q33529,Kumaoni,Kumaoni : Country,Kumaoni = mkNP Kumaoni_N ;,Kumaoni_N : N = mkN """"Kumaoni"""" ";"
http://www.wikidata.org/entity/Q1860,English,Q1860,English,English : Country,English = mkNP English_N ;,English_N : N = mkN """"English"""" ";"
http://www.wikidata.org/entity/Q33902,Saraiki,Q33902,Saraiki,Saraiki : Country,Saraiki = mkNP Saraiki_N ;,Saraiki_N : N = mkN """"Saraiki"""" ";"
http://www.wikidata.org/entity/Q33965,Santali,Q33965,Santali,Santali : Country,Santali = mkNP Santali_N ;,Santali_N : N = mkN """"Santali"""" ";"
http://www.wikidata.org/entity/Q5218,Quechua,Q5218,Quechua,Quechua : Country,Quechua = mkNP Quechua_N ;,Quechua_N : N = mkN """"Quechua"""" ";"
http://www.wikidata.org/entity/Q33730,Mapudungun,Q33730,Mapudungun,Mapudungun : Country,Mapudungun = mkNP Mapudungun_N ;,Mapudungun_N : N = mkN """"Mapudungun"""" ";"
http://www.wikidata.org/entity/Q33673,Kannada,Q33673,Kannada,Kannada : Country,Kannada = mkNP Kannada_N ;,Kannada_N : N = mkN """"Kannada"""" ";"
http://www.wikidata.org/entity/Q7737,Russian,Q7737,Russian,Russian : Country,Russian = mkNP Russian_N ;,Russian_N : N = mkN """"Russian"""" ";"
http://www.wikidata.org/entity/Q33552,Kashmiri,Q33552,Kashmiri,Kashmiri : Country,Kashmiri = mkNP Kashmiri_N ;,Kashmiri_N : N = mkN """"Kashmiri"""" ";"
http://www.wikidata.org/entity/Q33997,Sindhi,Q33997,Sindhi,Sindhi : Country,Sindhi = mkNP Sindhi_N ;,Sindhi_N : N = mkN """"Sindhi"""" ";"
http://www.wikidata.org/entity/Q1412,Finnish,Q1412,Finnish,Finnish : Country,Finnish = mkNP Finnish_N ;,Finnish_N : N = mkN """"Finnish"""" ";"
http://www.wikidata.org/entity/Q33973,Sicilian,Q33973,Sicilian,Sicilian : Country,Sicilian = mkNP Sicilian_N ;,Sicilian_N : N = mkN """"Sicilian"""" ";"
http://www.wikidata.org/entity/Q5287,Japanese,Q5287,Japanese,Japanese : Country,Japanese = mkNP Japanese_N ;,Japanese_N : N = mkN """"Japanese"""" ";"
http://www.wikidata.org/entity/Q33678,Mandinka,Q33678,Mandinka,Mandinka : Country,Mandinka = mkNP Mandinka_N ;,Mandinka_N : N = mkN """"Mandinka"""" ";"
http://www.wikidata.org/entity/Q33823,Nepali,Q33823,Nepali,Nepali : Country,Nepali = mkNP Nepali_N ;,Nepali_N : N = mkN """"Nepali"""" ";"
http://www.wikidata.org/entity/Q33786,Sidamo,Q33786,Sidamo,Sidamo : Country,Sidamo = mkNP Sidamo_N ;,Sidamo_N : N = mkN """"Sidamo"""" ";"
http://www.wikidata.org/entity/Q33573,Kinyarwanda,Q33573,Kinyarwanda,Kinyarwanda : Country,Kinyarwanda = mkNP Kinyarwanda_N ;,Kinyarwanda_N : N = mkN """"Kinyarwanda"""" ";"
http://www.wikidata.org/entity/Q33702,Kongo,Q33702,Kongo,Kongo : Country,Kongo = mkNP Kongo_N ;,Kongo_N : N = mkN """"Kongo"""" ";"
http://www.wikidata.org/entity/Q33726,Khandeshi,Q33726,Khandeshi,Khandeshi : Country,Khandeshi = mkNP Khandeshi_N ;,Khandeshi_N : N = mkN """"Khandeshi"""" ";"
http://www.wikidata.org/entity/Q34138,Tumbuka,Q34138,Tumbuka,Tumbuka : Country,Tumbuka = mkNP Tumbuka_N ;,Tumbuka_N : N = mkN """"Tumbuka"""" ";"
http://www.wikidata.org/entity/Q34002,Sundanese,Q34002,Sundanese,Sundanese : Country,Sundanese = mkNP Sundanese_N ;,Sundanese_N : N = mkN """"Sundanese"""" ";"
http://www.wikidata.org/entity/Q4627,Aymara,Q4627,Aymara,Aymara : Country,Aymara = mkNP Aymara_N ;,Aymara_N : N = mkN """"Aymara"""" ";"
http://www.wikidata.org/entity/Q8097,Telugu,Q8097,Telugu,Telugu : Country,Telugu = mkNP Telugu_N ;,Telugu_N : N = mkN """"Telugu"""" ";"
http://www.wikidata.org/entity/Q34152,Tachelhit,Q34152,Tachelhit,Tachelhit : Country,Tachelhit = mkNP Tachelhit_N ;,Tachelhit_N : N = mkN """"Tachelhit"""" ";"
http://www.wikidata.org/entity/Q34239,Konkani,Q34239,Konkani,Konkani : Country,Konkani = mkNP Konkani_N ;,Konkani_N : N = mkN """"Konkani"""" ";"
http://www.wikidata.org/entity/Q34057,Tagalog,Q34057,Tagalog,Tagalog : Country,Tagalog = mkNP Tagalog_N ;,Tagalog_N : N = mkN """"Tagalog"""" ";"
http://www.wikidata.org/entity/Q33583,Kirundi,Q33583,Kirundi,Kirundi : Country,Kirundi = mkNP Kirundi_N ;,Kirundi_N : N = mkN """"Kirundi"""" ";"
http://www.wikidata.org/entity/Q7838,Swahili,Q7838,Swahili,Swahili : Country,Swahili = mkNP Swahili_N ;,Swahili_N : N = mkN """"Swahili"""" ";"
http://www.wikidata.org/entity/Q1571,Marathi,Q1571,Marathi,Marathi : Country,Marathi = mkNP Marathi_N ;,Marathi_N : N = mkN """"Marathi"""" ";"
http://www.wikidata.org/entity/Q33882,Makhuwa,Q33882,Makhuwa,Makhuwa : Country,Makhuwa = mkNP Makhuwa_N ;,Makhuwa_N : N = mkN """"Makhuwa"""" ";"
http://www.wikidata.org/entity/Q33879,Pangasinan,Q33879,Pangasinan,Pangasinan : Country,Pangasinan = mkNP Pangasinan_N ;,Pangasinan_N : N = mkN """"Pangasinan"""" ";"
http://www.wikidata.org/entity/Q35936,Ilocano,Q35936,Ilocano,Ilocano : Country,Ilocano = mkNP Ilocano_N ;,Ilocano_N : N = mkN """"Ilocano"""" ";"
http://www.wikidata.org/entity/Q5137,Gujarati,Q5137,Gujarati,Gujarati : Country,Gujarati = mkNP Gujarati_N ;,Gujarati_N : N = mkN """"Gujarati"""" ";"
http://www.wikidata.org/entity/Q7411,Dutch,Q7411,Dutch,Dutch : Country,Dutch = mkNP Dutch_N ;,Dutch_N : N = mkN """"Dutch"""" ";"
http://www.wikidata.org/entity/Q33587,Gikuyu,Q33587,Gikuyu,Gikuyu : Country,Gikuyu = mkNP Gikuyu_N ;,Gikuyu_N : N = mkN """"Gikuyu"""" ";"
http://www.wikidata.org/entity/Q33728,Magahi,Q33728,Magahi,Magahi : Country,Magahi = mkNP Magahi_N ;,Magahi_N : N = mkN """"Magahi"""" ";"
http://www.wikidata.org/entity/Q5885,Tamil,Q5885,Tamil,Tamil : Country,Tamil = mkNP Tamil_N ;,Tamil_N : N = mkN """"Tamil"""" ";"
http://www.wikidata.org/entity/Q7913,Romanian,Q7913,Romanian,Romanian : Country,Romanian = mkNP Romanian_N ;,Romanian_N : N = mkN """"Romanian"""" ";"
http://www.wikidata.org/entity/Q34311,Yoruba,Q34311,Yoruba,Yoruba : Country,Yoruba = mkNP Yoruba_N ;,Yoruba_N : N = mkN """"Yoruba"""" ";"
http://www.wikidata.org/entity/Q34251,Tulu,Q34251,Tulu,Tulu : Country,Tulu = mkNP Tulu_N ;,Tulu_N : N = mkN """"Tulu"""" ";"
http://www.wikidata.org/entity/Q34142,Tausug,Q34142,Tausug,Tausug : Country,Tausug = mkNP Tausug_N ;,Tausug_N : N = mkN """"Tausug"""" ";"
http://www.wikidata.org/entity/Q8748,Albanian,Q8748,Albanian,Albanian : Country,Albanian = mkNP Albanian_N ;,Albanian_N : N = mkN """"Albanian"""" ";"
http://www.wikidata.org/entity/Q36096,Mooré,Q36096,Moore,Mooré : Country,Mooré = mkNP Mooré_N ;,Mooré_N : N = mkN """"Mooré"""" ";"
http://www.wikidata.org/entity/Q36457,Northern Min,Q36457,Northern_Min,NorthernMin : Country,NorthernMin = mkNP NorthernMin_N ;,NorthernMin_N : N = mkN """"Northern Min"""" ";"
http://www.wikidata.org/entity/Q36455,Eastern Min,Q36455,Eastern_Min,EasternMin : Country,EasternMin = mkNP EasternMin_N ;,EasternMin_N : N = mkN """"Eastern Min"""" ";"
http://www.wikidata.org/entity/Q34340,Sesotho,Q34340,Sesotho,Sesotho : Country,Sesotho = mkNP Sesotho_N ;,Sesotho_N : N = mkN """"Sesotho"""" ";"
http://www.wikidata.org/entity/Q7976,American English,Q7976,American_English,AmericanEnglish : Country,AmericanEnglish = mkNP AmericanEnglish_N ;,AmericanEnglish_N : N = mkN """"American English"""" ";"
http://www.wikidata.org/entity/Q34926,Acholi,Q34926,Acholi,Acholi : Country,Acholi = mkNP Acholi_N ;,Acholi_N : N = mkN """"Acholi"""" ";"
http://www.wikidata.org/entity/Q36943,Wolayttattuwa,Q36943,Wolayttattuwa,Wolayttattuwa : Country,Wolayttattuwa = mkNP Wolayttattuwa_N ;,Wolayttattuwa_N : N = mkN """"Wolayttattuwa"""" ";"
http://www.wikidata.org/entity/Q36983,Umbundu,Q36983,Umbundu,Umbundu : Country,Umbundu = mkNP Umbundu_N ;,Umbundu_N : N = mkN """"Umbundu"""" ";"
http://www.wikidata.org/entity/Q34004,Shona,Q34004,Shona,Shona : Country,Shona = mkNP Shona_N ;,Shona_N : N = mkN """"Shona"""" ";"
http://www.wikidata.org/entity/Q36494,K’iche’,Q36494,Kiche,K’iche’ : Country,K’iche’ = mkNP K’iche’_N ;,K’iche’_N : N = mkN """"K’iche’"""" ";"
http://www.wikidata.org/entity/Q36486,Shilluk,Q36486,Shilluk,Shilluk : Country,Shilluk = mkNP Shilluk_N ;,Shilluk_N : N = mkN """"Shilluk"""" ";"
http://www.wikidata.org/entity/Q36495,Southern Min,Q36495,Southern_Min,SouthernMin : Country,SouthernMin = mkNP SouthernMin_N ;,SouthernMin_N : N = mkN """"Southern Min"""" ";"
http://www.wikidata.org/entity/Q131339,Alemannic,Q131339,Alemannic,Alemannic : Country,Alemannic = mkNP Alemannic_N ;,Alemannic_N : N = mkN """"Alemannic"""" ";"
http://www.wikidata.org/entity/Q102172,Limburgish,Q102172,Limburgish,Limburgish : Country,Limburgish = mkNP Limburgish_N ;,Limburgish_N : N = mkN """"Limburgish"""" ";"
http://www.wikidata.org/entity/Q8785,Armenian,Q8785,Armenian,Armenian : Country,Armenian = mkNP Armenian_N ;,Armenian_N : N = mkN """"Armenian"""" ";"
http://www.wikidata.org/entity/Q35613,Northern Ndebele,Q35613,Northern_Ndebele,NorthernNdebele : Country,NorthernNdebele = mkNP NorthernNdebele_N ;,NorthernNdebele_N : N = mkN """"Northern Ndebele"""" ";"
http://www.wikidata.org/entity/Q35394,Domari,Q35394,Domari,Domari : Country,Domari = mkNP Domari_N ;,Domari_N : N = mkN """"Domari"""" ";"
http://www.wikidata.org/entity/Q8798,Ukrainian,Q8798,Ukrainian,Ukrainian : Country,Ukrainian = mkNP Ukrainian_N ;,Ukrainian_N : N = mkN """"Ukrainian"""" ";"
http://www.wikidata.org/entity/Q35670,Lango,Q35670,Lango,Lango : Country,Lango = mkNP Lango_N ;,Lango_N : N = mkN """"Lango"""" ";"
http://www.wikidata.org/entity/Q35853,Kabyle,Q35853,Kabyle,Kabyle : Country,Kabyle = mkNP Kabyle_N ;,Kabyle_N : N = mkN """"Kabyle"""" ";"
http://www.wikidata.org/entity/Q36510,Modern Greek,Q36510,Modern_Greek,ModernGreek : Country,ModernGreek = mkNP ModernGreek_N ;,ModernGreek_N : N = mkN """"Modern Greek"""" ";"
http://www.wikidata.org/entity/Q36663,Urhobo,Q36663,Urhobo,Urhobo : Country,Urhobo = mkNP Urhobo_N ;,Urhobo_N : N = mkN """"Urhobo"""" ";"
http://www.wikidata.org/entity/Q36660,Soninke,Q36660,Soninke,Soninke : Country,Soninke = mkNP Soninke_N ;,Soninke_N : N = mkN """"Soninke"""" ";"
http://www.wikidata.org/entity/Q168446,West Low German,Q168446,West_Low_German,WestLowGerman : Country,WestLowGerman = mkNP WestLowGerman_N ;,WestLowGerman_N : N = mkN """"West Low German"""" ";"
http://www.wikidata.org/entity/Q56497,Shuwa,Q56497,Shuwa,Shuwa : Country,Shuwa = mkNP Shuwa_N ;,Shuwa_N : N = mkN """"Shuwa"""" ";"
http://www.wikidata.org/entity/Q56499,Algerian Arabic,Q56499,Algerian_Arabic,AlgerianArabic : Country,AlgerianArabic = mkNP AlgerianArabic_N ;,AlgerianArabic_N : N = mkN """"Algerian Arabic"""" ";"
http://www.wikidata.org/entity/Q2707343,Sebat Bet Gurage,Q2707343,Sebat_Bet_Gurage,SebatBetGurage : Country,SebatBetGurage = mkNP SebatBetGurage_N ;,SebatBetGurage_N : N = mkN """"Sebat Bet Gurage"""" ";"
http://www.wikidata.org/entity/Q2891049,Mandailing Batak,Q2891049,Mandailing_Batak,MandailingBatak : Country,MandailingBatak = mkNP MandailingBatak_N ;,MandailingBatak_N : N = mkN """"Mandailing Batak"""" ";"
http://www.wikidata.org/entity/Q34327,Tsonga,Q34327,Tsonga,Tsonga : Country,Tsonga = mkNP Tsonga_N ;,Tsonga_N : N = mkN """"Tsonga"""" ";"
http://www.wikidata.org/entity/Q58635,Punjabi,Q58635,Punjabi,Punjabi : Country,Punjabi = mkNP Punjabi_N ;,Punjabi_N : N = mkN """"Punjabi"""" ";"
http://www.wikidata.org/entity/Q34257,Wolof,Q34257,Wolof,Wolof : Country,Wolof = mkNP Wolof_N ;,Wolof_N : N = mkN """"Wolof"""" ";"
http://www.wikidata.org/entity/Q36109,Maithili,Q36109,Maithili,Maithili : Country,Maithili = mkNP Maithili_N ;,Maithili_N : N = mkN """"Maithili"""" ";"
http://www.wikidata.org/entity/Q34271,Tibetan,Q34271,Tibetan,Tibetan : Country,Tibetan = mkNP Tibetan_N ;,Tibetan_N : N = mkN """"Tibetan"""" ";"
http://www.wikidata.org/entity/Q56240,Tunisian Arabic,Q56240,Tunisian_Arabic,TunisianArabic : Country,TunisianArabic = mkNP TunisianArabic_N ;,TunisianArabic_N : N = mkN """"Tunisian Arabic"""" ";"
http://www.wikidata.org/entity/Q56232,Mesopotamian Arabic,Q56232,Mesopotamian_Arabic,MesopotamianArabic : Country,MesopotamianArabic = mkNP MesopotamianArabic_N ;,MesopotamianArabic_N : N = mkN """"Mesopotamian Arabic"""" ";"
http://www.wikidata.org/entity/Q2574767,Kamba,Q2574767,Kamba,Kamba : Country,Kamba = mkNP Kamba_N ;,Kamba_N : N = mkN """"Kamba"""" ";"
http://www.wikidata.org/entity/Q2638144,Sukuma,Q2638144,Sukuma,Sukuma : Country,Sukuma = mkNP Sukuma_N ;,Sukuma_N : N = mkN """"Sukuma"""" ";"
http://www.wikidata.org/entity/Q2605943,Mewati,Q2605943,Mewati,Mewati : Country,Mewati = mkNP Mewati_N ;,Mewati_N : N = mkN """"Mewati"""" ";"
http://www.wikidata.org/entity/Q56579,Taʽizzi-Adeni Arabic,Q56579,Taizzi_Adeni_Arabic,Taʽizzi-AdeniArabic : Country,Taʽizzi-AdeniArabic = mkNP Taʽizzi-AdeniArabic_N ;,Taʽizzi-AdeniArabic_N : N = mkN """"Taʽizzi-Adeni Arabic"""" ";"
http://www.wikidata.org/entity/Q56578,Sanʽani Arabic,Q56578,Sanani_Arabic,SanʽaniArabic : Country,SanʽaniArabic = mkNP SanʽaniArabic_N ;,SanʽaniArabic_N : N = mkN """"Sanʽani Arabic"""" ";"
http://www.wikidata.org/entity/Q56573,Sudanese Arabic,Q56573,Sudanese_Arabic,SudaneseArabic : Country,SudaneseArabic = mkNP SudaneseArabic_N ;,SudaneseArabic_N : N = mkN """"Sudanese Arabic"""" ";"
http://www.wikidata.org/entity/Q36850,Twi,Q36850,Twi,Twi : Country,Twi = mkNP Twi_N ;,Twi_N : N = mkN """"Twi"""" ";"
http://www.wikidata.org/entity/Q36811,Sorani,Q36811,Sorani,Sorani : Country,Sorani = mkNP Sorani_N ;,Sorani_N : N = mkN """"Sorani"""" ";"
http://www.wikidata.org/entity/Q699284,Upper Saxon,Q699284,Upper_Saxon,UpperSaxon : Country,UpperSaxon = mkNP UpperSaxon_N ;,UpperSaxon_N : N = mkN """"Upper Saxon"""" ";"
http://www.wikidata.org/entity/Q669431,Daknī,Q669431,Dakni,Daknī : Country,Daknī = mkNP Daknī_N ;,Daknī_N : N = mkN """"Daknī"""" ";"
http://www.wikidata.org/entity/Q36163,Kurmanji,Q36163,Kurmanji,Kurmanji : Country,Kurmanji = mkNP Kurmanji_N ;,Kurmanji_N : N = mkN """"Kurmanji"""" ";"
http://www.wikidata.org/entity/Q36213,Madurese,Q36213,Madurese,Madurese : Country,Madurese = mkNP Madurese_N ;,Madurese_N : N = mkN """"Madurese"""" ";"
http://www.wikidata.org/entity/Q36129,Nigerian Fulfulde,Q36129,Nigerian_Fulfulde,NigerianFulfulde : Country,NigerianFulfulde = mkNP NigerianFulfulde_N ;,NigerianFulfulde_N : N = mkN """"Nigerian Fulfulde"""" ";"
http://www.wikidata.org/entity/Q36121,Kapampangan,Q36121,Kapampangan,Kapampangan : Country,Kapampangan = mkNP Kapampangan_N ;,Kapampangan_N : N = mkN """"Kapampangan"""" ";"
http://www.wikidata.org/entity/Q36186,Maninka,Q36186,Maninka,Maninka : Country,Maninka = mkNP Maninka_N ;,Maninka_N : N = mkN """"Maninka"""" ";"
http://www.wikidata.org/entity/Q34831,Bonol,Q34831,Bonol,Bonol : Country,Bonol = mkNP Bonol_N ;,Bonol_N : N = mkN """"Bonol"""" ";"
http://www.wikidata.org/entity/Q35035,Adja,Q35035,Adja,Adja : Country,Adja = mkNP Adja_N ;,Adja_N : N = mkN """"Adja"""" ";"
http://www.wikidata.org/entity/Q35978,Hiligaynon,Q35978,Hiligaynon,Hiligaynon : Country,Hiligaynon = mkNP Hiligaynon_N ;,Hiligaynon_N : N = mkN """"Hiligaynon"""" ";"
http://www.wikidata.org/entity/Q1057898,Emilian,Q1057898,Emilian,Emilian : Country,Emilian = mkNP Emilian_N ;,Emilian_N : N = mkN """"Emilian"""" ";"
http://www.wikidata.org/entity/Q1199751,Kelantan-Pattani Malay,Q1199751,Kelantan_Pattani_Malay,Kelantan-PattaniMalay : Country,Kelantan-PattaniMalay = mkNP Kelantan-PattaniMalay_N ;,Kelantan-PattaniMalay_N : N = mkN """"Kelantan-Pattani Malay"""" ";"
http://www.wikidata.org/entity/Q1294047,Sasak,Q1294047,Sasak,Sasak : Country,Sasak = mkNP Sasak_N ;,Sasak_N : N = mkN """"Sasak"""" ";"
http://www.wikidata.org/entity/Q180945,Western Armenian,Q180945,Western_Armenian,WesternArmenian : Country,WesternArmenian = mkNP WesternArmenian_N ;,WesternArmenian_N : N = mkN """"Western Armenian"""" ";"
http://www.wikidata.org/entity/Q49741,Central Atlas Tamazight,Q49741,Central_Atlas_Tamazight,CentralAtlasTamazight : Country,CentralAtlasTamazight = mkNP CentralAtlasTamazight_N ;,CentralAtlasTamazight_N : N = mkN """"Central Atlas Tamazight"""" ";"
http://www.wikidata.org/entity/Q56231,Hassaniya Arabic,Q56231,Hassaniya_Arabic,HassaniyaArabic : Country,HassaniyaArabic = mkNP HassaniyaArabic_N ;,HassaniyaArabic_N : N = mkN """"Hassaniya Arabic"""" ";"
http://www.wikidata.org/entity/Q7930,Malagasy,Q7930,Malagasy,Malagasy : Country,Malagasy = mkNP Malagasy_N ;,Malagasy_N : N = mkN """"Malagasy"""" ";"
http://www.wikidata.org/entity/Q36368,Kurdish,Q36368,Kurdish,Kurdish : Country,Kurdish = mkNP Kurdish_N ;,Kurdish_N : N = mkN """"Kurdish"""" ";"
http://www.wikidata.org/entity/Q36284,Serer,Q36284,Serer,Serer : Country,Serer = mkNP Serer_N ;,Serer_N : N = mkN """"Serer"""" ";"
http://www.wikidata.org/entity/Q934541,Hainanese,Q934541,Hainanese,Hainanese : Country,Hainanese = mkNP Hainanese_N ;,Hainanese_N : N = mkN """"Hainanese"""" ";"
http://www.wikidata.org/entity/Q56482,Shan,Q56482,Shan,Shan : Country,Shan = mkNP Shan_N ;,Shan_N : N = mkN """"Shan"""" ";"
http://www.wikidata.org/entity/Q56475,Hausa,Q56475,Hausa,Hausa : Country,Hausa = mkNP Hausa_N ;,Hausa_N : N = mkN """"Hausa"""" ";"
http://www.wikidata.org/entity/Q1307730,South Bolivian Quechua,Q1307730,South_Bolivian_Quechua,SouthBolivianQuechua : Country,SouthBolivianQuechua = mkNP SouthBolivianQuechua_N ;,SouthBolivianQuechua_N : N = mkN """"South Bolivian Quechua"""" ";"
http://www.wikidata.org/entity/Q1364815,Karenic,Q1364815,Karenic,Karenic : Country,Karenic = mkNP Karenic_N ;,Karenic_N : N = mkN """"Karenic"""" ";"
http://www.wikidata.org/entity/Q1420205,Pulaar,Q1420205,Pulaar,Pulaar : Country,Pulaar = mkNP Pulaar_N ;,Pulaar_N : N = mkN """"Pulaar"""" ";"
http://www.wikidata.org/entity/Q306626,Austrian German,Q306626,Austrian_German,AustrianGerman : Country,AustrianGerman = mkNP AustrianGerman_N ;,AustrianGerman_N : N = mkN """"Austrian German"""" ";"
http://www.wikidata.org/entity/Q242648,Emilian–Romagnol,Q242648,Emilian_Romagnol,Emilian–Romagnol : Country,Emilian–Romagnol = mkNP Emilian–Romagnol_N ;,Emilian–Romagnol_N : N = mkN """"Emilian–Romagnol"""" ";"
http://www.wikidata.org/entity/Q1641543,Romagnol,Q1641543,Romagnol,Romagnol : Country,Romagnol = mkNP Romagnol_N ;,Romagnol_N : N = mkN """"Romagnol"""" ";"
http://www.wikidata.org/entity/Q2085051,Tswa,Q2085051,Tswa,Tswa : Country,Tswa = mkNP Tswa_N ;,Tswa_N : N = mkN """"Tswa"""" ";"
http://www.wikidata.org/entity/Q1496597,Southern Kurdish,Q1496597,Southern_Kurdish,SouthernKurdish : Country,SouthernKurdish = mkNP SouthernKurdish_N ;,SouthernKurdish_N : N = mkN """"Southern Kurdish"""" ";"
http://www.wikidata.org/entity/Q9035,Danish,Q9035,Danish,Danish : Country,Danish = mkNP Danish_N ;,Danish_N : N = mkN """"Danish"""" ";"
http://www.wikidata.org/entity/Q765922,Nagpuri,Q765922,Nagpuri,Nagpuri : Country,Nagpuri = mkNP Nagpuri_N ;,Nagpuri_N : N = mkN """"Nagpuri"""" ";"
http://www.wikidata.org/entity/Q633359,Dhundari,Q633359,Dhundari,Dhundari : Country,Dhundari = mkNP Dhundari_N ;,Dhundari_N : N = mkN """"Dhundari"""" ";"
http://www.wikidata.org/entity/Q33417,Isan,Q33417,Isan,Isan : Country,Isan = mkNP Isan_N ;,Isan_N : N = mkN """"Isan"""" ";"
http://www.wikidata.org/entity/Q33410,Haryanvi,Q33410,Haryanvi,Haryanvi : Country,Haryanvi = mkNP Haryanvi_N ;,Haryanvi_N : N = mkN """"Haryanvi"""" ";"
http://www.wikidata.org/entity/Q33413,Malvi,Q33413,Malvi,Malvi : Country,Malvi = mkNP Malvi_N ;,Malvi_N : N = mkN """"Malvi"""" ";"
http://www.wikidata.org/entity/Q100103,West Flemish,Q100103,West_Flemish,WestFlemish : Country,WestFlemish = mkNP WestFlemish_N ;,WestFlemish_N : N = mkN """"West Flemish"""" ";"
http://www.wikidata.org/entity/Q36236,Malayalam,Q36236,Malayalam,Malayalam : Country,Malayalam = mkNP Malayalam_N ;,Malayalam_N : N = mkN """"Malayalam"""" ";"
http://www.wikidata.org/entity/Q58680,Pashto,Q58680,Pashto,Pashto : Country,Pashto = mkNP Pashto_N ;,Pashto_N : N = mkN """"Pashto"""" ";"
http://www.wikidata.org/entity/Q35375,Edo,Q35375,Edo,Edo : Country,Edo = mkNP Edo_N ;,Edo_N : N = mkN """"Edo"""" ";"
http://www.wikidata.org/entity/Q9067,Hungarian,Q9067,Hungarian,Hungarian : Country,Hungarian = mkNP Hungarian_N ;,Hungarian_N : N = mkN """"Hungarian"""" ";"
http://www.wikidata.org/entity/Q9063,Slovene,Q9063,Slovene,Slovene : Country,Slovene = mkNP Slovene_N ;,Slovene_N : N = mkN """"Slovene"""" ";"
http://www.wikidata.org/entity/Q178440,Dari,Q178440,Dari,Dari : Country,Dari = mkNP Dari_N ;,Dari_N : N = mkN """"Dari"""" ";"
http://www.wikidata.org/entity/Q2426319,Bagri,Q2426319,Bagri,Bagri : Country,Bagri = mkNP Bagri_N ;,Bagri_N : N = mkN """"Bagri"""" ";"
http://www.wikidata.org/entity/Q2356364,Bagheli,Q2356364,Bagheli,Bagheli : Country,Bagheli = mkNP Bagheli_N ;,Bagheli_N : N = mkN """"Bagheli"""" ";"
http://www.wikidata.org/entity/Q2511476,Tày,Q2511476,Tay,Tày : Country,Tày = mkNP Tày_N ;,Tày_N : N = mkN """"Tày"""" ";"
http://www.wikidata.org/entity/Q188,German,Q188,German,German : Country,German = mkNP German_N ;,German_N : N = mkN """"German"""" ";"
http://www.wikidata.org/entity/Q36217,Lingala,Q36217,Lingala,Lingala : Country,Lingala = mkNP Lingala_N ;,Lingala_N : N = mkN """"Lingala"""" ";"
http://www.wikidata.org/entity/Q33424,Iban,Q33424,Iban,Iban : Country,Iban = mkNP Iban_N ;,Iban_N : N = mkN """"Iban"""" ";"
http://www.wikidata.org/entity/Q33492,Kurukh,Q33492,Kurukh,Kurukh : Country,Kurukh = mkNP Kurukh_N ;,Kurukh_N : N = mkN """"Kurukh"""" ";"
http://www.wikidata.org/entity/Q9176,Korean,Q9176,Korean,Korean : Country,Korean = mkNP Korean_N ;,Korean_N : N = mkN """"Korean"""" ";"
http://www.wikidata.org/entity/Q19933293,Northern Luri,Q19933293,Northern_Luri,NorthernLuri : Country,NorthernLuri = mkNP NorthernLuri_N ;,NorthernLuri_N : N = mkN """"Northern Luri"""" ";"
http://www.wikidata.org/entity/Q3510366,Hadhrami Arabic,Q3510366,Hadhrami_Arabic,HadhramiArabic : Country,HadhramiArabic = mkNP HadhramiArabic_N ;,HadhramiArabic_N : N = mkN """"Hadhrami Arabic"""" ";"
http://www.wikidata.org/entity/Q3515311,North Azerbaijani,Q3515311,North_Azerbaijani,NorthAzerbaijani : Country,NorthAzerbaijani = mkNP NorthAzerbaijani_N ;,NorthAzerbaijani_N : N = mkN """"North Azerbaijani"""" ";"
http://www.wikidata.org/entity/Q3438770,Karai-karai,Q3438770,Karai_karai,Karai-karai : Country,Karai-karai = mkNP Karai-karai_N ;,Karai-karai_N : N = mkN """"Karai-karai"""" ";"
http://www.wikidata.org/entity/Q56356571,New Persian,Q56356571,New_Persian,NewPersian : Country,NewPersian = mkNP NewPersian_N ;,NewPersian_N : N = mkN """"New Persian"""" ";"
http://www.wikidata.org/entity/Q9129,Greek,Q9129,Greek,Greek : Country,Greek = mkNP Greek_N ;,Greek_N : N = mkN """"Greek"""" ";"
http://www.wikidata.org/entity/Q3307894,Hmong,Q3307894,Hmong,Hmong : Country,Hmong = mkNP Hmong_N ;,Hmong_N : N = mkN """"Hmong"""" ";"
http://www.wikidata.org/entity/Q3327828,Mundari,Q3327828,Mundari,Mundari : Country,Mundari = mkNP Mundari_N ;,Mundari_N : N = mkN """"Mundari"""" ";"
http://www.wikidata.org/entity/Q3502294,Nimadi,Q3502294,Nimadi,Nimadi : Country,Nimadi = mkNP Nimadi_N ;,Nimadi_N : N = mkN """"Nimadi"""" ";"
http://www.wikidata.org/entity/Q3513637,Iranian Persian,Q3513637,Iranian_Persian,IranianPersian : Country,IranianPersian = mkNP IranianPersian_N ;,IranianPersian_N : N = mkN """"Iranian Persian"""" ";"
http://www.wikidata.org/entity/Q3502234,Northern Khmer,Q3502234,Northern_Khmer,NorthernKhmer : Country,NorthernKhmer = mkNP NorthernKhmer_N ;,NorthernKhmer_N : N = mkN """"Northern Khmer"""" ";"
http://www.wikidata.org/entity/Q9072,Estonian,Q9072,Estonian,Estonian : Country,Estonian = mkNP Estonian_N ;,Estonian_N : N = mkN """"Estonian"""" ";"
http://www.wikidata.org/entity/Q565110,Northern Thai,Q565110,Northern_Thai,NorthernThai : Country,NorthernThai = mkNP NorthernThai_N ;,NorthernThai_N : N = mkN """"Northern Thai"""" ";"
http://www.wikidata.org/entity/Q382273,Hindko,Q382273,Hindko,Hindko : Country,Hindko = mkNP Hindko_N ;,Hindko_N : N = mkN """"Hindko"""" ";"
http://www.wikidata.org/entity/Q387066,Swiss German,Q387066,Swiss_German,SwissGerman : Country,SwissGerman = mkNP SwissGerman_N ;,SwissGerman_N : N = mkN """"Swiss German"""" ";"
http://www.wikidata.org/entity/Q9056,Czech,Q9056,Czech,Czech : Country,Czech = mkNP Czech_N ;,Czech_N : N = mkN """"Czech"""" ";"
http://www.wikidata.org/entity/Q35379,Kam,Q35379,Kam,Kam : Country,Kam = mkNP Kam_N ;,Kam_N : N = mkN """"Kam"""" ";"
http://www.wikidata.org/entity/Q35377,Efik,Q35377,Efik,Efik : Country,Efik = mkNP Efik_N ;,Efik_N : N = mkN """"Efik"""" ";"
http://www.wikidata.org/entity/Q9142,Irish,Q9142,Irish,Irish : Country,Irish = mkNP Irish_N ;,Irish_N : N = mkN """"Irish"""" ";"
http://www.wikidata.org/entity/Q9168,Persian,Q9168,Persian,Persian : Country,Persian = mkNP Persian_N ;,Persian_N : N = mkN """"Persian"""" ";"
http://www.wikidata.org/entity/Q1775361,Gondi,Q1775361,Gondi,Gondi : Country,Gondi = mkNP Gondi_N ;,Gondi_N : N = mkN """"Gondi"""" ";"
http://www.wikidata.org/entity/Q2044560,Sylheti,Q2044560,Sylheti,Sylheti : Country,Sylheti = mkNP Sylheti_N ;,Sylheti_N : N = mkN """"Sylheti"""" ";"
http://www.wikidata.org/entity/Q1066787,Southern Uzbek,Q1066787,Southern_Uzbek,SouthernUzbek : Country,SouthernUzbek = mkNP SouthernUzbek_N ;,SouthernUzbek_N : N = mkN """"Southern Uzbek"""" ";"
http://www.wikidata.org/entity/Q9186,Cantonese,Q9186,Cantonese,Cantonese : Country,Cantonese = mkNP Cantonese_N ;,Cantonese_N : N = mkN """"Cantonese"""" ";"
http://www.wikidata.org/entity/Q3111668,Gun,Q3111668,Gun,Gun : Country,Gun = mkNP Gun_N ;,Gun_N : N = mkN """"Gun"""" ";"
http://www.wikidata.org/entity/Q2992857,Mewari,Q2992857,Mewari,Mewari : Country,Mewari = mkNP Mewari_N ;,Mewari_N : N = mkN """"Mewari"""" ";"
http://www.wikidata.org/entity/Q3241177,Rohingya,Q3241177,Rohingya,Rohingya : Country,Rohingya = mkNP Rohingya_N ;,Rohingya_N : N = mkN """"Rohingya"""" ";"
http://www.wikidata.org/entity/Q9199,Vietnamese,Q9199,Vietnamese,Vietnamese : Country,Vietnamese = mkNP Vietnamese_N ;,Vietnamese_N : N = mkN """"Vietnamese"""" ";"
http://www.wikidata.org/entity/Q7918,Bulgarian,Q7918,Bulgarian,Bulgarian : Country,Bulgarian = mkNP Bulgarian_N ;,Bulgarian_N : N = mkN """"Bulgarian"""" ";"
http://www.wikidata.org/entity/Q5146,Portuguese,Q5146,Portuguese,Portuguese : Country,Portuguese = mkNP Portuguese_N ;,Portuguese_N : N = mkN """"Portuguese"""" ";"
http://www.wikidata.org/entity/Q33578,Igbo,Q33578,Igbo,Igbo : Country,Igbo = mkNP Igbo_N ;,Igbo_N : N = mkN """"Igbo"""" ";"
http://www.wikidata.org/entity/Q3197533,Swahili,Q3197533,Swahili,Swahili : Country,Swahili = mkNP Swahili_N ;,Swahili_N : N = mkN """"Swahili"""" ";"
http://www.wikidata.org/entity/Q3236789,Muong,Q3236789,Muong,Muong : Country,Muong = mkNP Muong_N ;,Muong_N : N = mkN """"Muong"""" ";"
http://www.wikidata.org/entity/Q9217,Thai,Q9217,Thai,Thai : Country,Thai = mkNP Thai_N ;,Thai_N : N = mkN """"Thai"""" ";"
http://www.wikidata.org/entity/Q3270727,Kiga,Q3270727,Kiga,Kiga : Country,Kiga = mkNP Kiga_N ;,Kiga_N : N = mkN """"Kiga"""" ";"
http://www.wikidata.org/entity/Q3244184,Antiguan and Barbudan Creole,Q3244184,Antiguan_and_Barbudan_Creole,AntiguanandBarbudanCreole : Country,AntiguanandBarbudanCreole = mkNP AntiguanandBarbudanCreole_N ;,AntiguanandBarbudanCreole_N : N = mkN """"Antiguan and Barbudan Creole"""" ";"
http://www.wikidata.org/entity/Q7026,Catalan,Q7026,Catalan,Catalan : Country,Catalan = mkNP Catalan_N ;,Catalan_N : N = mkN """"Catalan"""" ";"
http://www.wikidata.org/entity/Q33643,Makassar,Q33643,Makassar,Makassar : Country,Makassar = mkNP Makassar_N ;,Makassar_N : N = mkN """"Makassar"""" ";"
http://www.wikidata.org/entity/Q9228,Burmese,Q9228,Burmese,Burmese : Country,Burmese = mkNP Burmese_N ;,Burmese_N : N = mkN """"Burmese"""" ";"
http://www.wikidata.org/entity/Q3436689,Brazilian Sign Language,Q3436689,Brazilian_Sign_Language,BrazilianSignLanguage : Country,BrazilianSignLanguage = mkNP BrazilianSignLanguage_N ;,BrazilianSignLanguage_N : N = mkN """"Brazilian Sign Language"""" ";"
http://www.wikidata.org/entity/Q33657,Gilaki,Q33657,Gilaki,Gilaki : Country,Gilaki = mkNP Gilaki_N ;,Gilaki_N : N = mkN """"Gilaki"""" ";"
http://www.wikidata.org/entity/Q8786,Alsatian,Q8786,Alsatian,Alsatian : Country,Alsatian = mkNP Alsatian_N ;,Alsatian_N : N = mkN """"Alsatian"""" ";"
http://www.wikidata.org/entity/Q33717,Maguindanao,Q33717,Maguindanao,Maguindanao : Country,Maguindanao = mkNP Maguindanao_N ;,Maguindanao_N : N = mkN """"Maguindanao"""" ";"
http://www.wikidata.org/entity/Q33720,Karay-a,Q33720,Karay_a,Karay-a : Country,Karay-a = mkNP Karay-a_N ;,Karay-a_N : N = mkN """"Karay-a"""" ";"
http://www.wikidata.org/entity/Q33868,Meitei,Q33868,Meitei,Meitei : Country,Meitei = mkNP Meitei_N ;,Meitei_N : N = mkN """"Meitei"""" ";"
http://www.wikidata.org/entity/Q9246,Mongolian,Q9246,Mongolian,Mongolian : Country,Mongolian = mkNP Mongolian_N ;,Mongolian_N : N = mkN """"Mongolian"""" ";"
http://www.wikidata.org/entity/Q33864,Oromo,Q33864,Oromo,Oromo : Country,Oromo = mkNP Oromo_N ;,Oromo_N : N = mkN """"Oromo"""" ";"
http://www.wikidata.org/entity/Q6433240,Sambalpuri,Q6433240,Sambalpuri,Sambalpuri : Country,Sambalpuri = mkNP Sambalpuri_N ;,Sambalpuri_N : N = mkN """"Sambalpuri"""" ";"
http://www.wikidata.org/entity/Q8054983,Yongbei Zhuang,Q8054983,Yongbei_Zhuang,YongbeiZhuang : Country,YongbeiZhuang = mkNP YongbeiZhuang_N ;,YongbeiZhuang_N : N = mkN """"Yongbei Zhuang"""" ";"
http://www.wikidata.org/entity/Q12953177,Eastern Tamang,Q12953177,Eastern_Tamang,EasternTamang : Country,EasternTamang = mkNP EasternTamang_N ;,EasternTamang_N : N = mkN """"Eastern Tamang"""" ";"
http://www.wikidata.org/entity/Q10961696,Congo Swahili,Q10961696,Congo_Swahili,CongoSwahili : Country,CongoSwahili = mkNP CongoSwahili_N ;,CongoSwahili_N : N = mkN """"Congo Swahili"""" ";"
http://www.wikidata.org/entity/Q33754,Lombard,Q33754,Lombard,Lombard : Country,Lombard = mkNP Lombard_N ;,Lombard_N : N = mkN """"Lombard"""" ";"
http://www.wikidata.org/entity/Q9058,Slovak,Q9058,Slovak,Slovak : Country,Slovak = mkNP Slovak_N ;,Slovak_N : N = mkN """"Slovak"""" ";"
http://www.wikidata.org/entity/Q9252,Kazakh,Q9252,Kazakh,Kazakh : Country,Kazakh = mkNP Kazakh_N ;,Kazakh_N : N = mkN """"Kazakh"""" ";"
http://www.wikidata.org/entity/Q9267,Turkmen,Q9267,Turkmen,Turkmen : Country,Turkmen = mkNP Turkmen_N ;,Turkmen_N : N = mkN """"Turkmen"""" ";"
http://www.wikidata.org/entity/Q3449805,South Azerbaijani,Q3449805,South_Azerbaijani,SouthAzerbaijani : Country,SouthAzerbaijani = mkNP SouthAzerbaijani_N ;,SouthAzerbaijani_N : N = mkN """"South Azerbaijani"""" ";"
http://www.wikidata.org/entity/Q5414796,Dholuo,Q5414796,Dholuo,Dholuo : Country,Dholuo = mkNP Dholuo_N ;,Dholuo_N : N = mkN """"Dholuo"""" ";"
http://www.wikidata.org/entity/Q5575236,Goan Konkani,Q5575236,Goan_Konkani,GoanKonkani : Country,GoanKonkani = mkNP GoanKonkani_N ;,GoanKonkani_N : N = mkN """"Goan Konkani"""" ";"
http://www.wikidata.org/entity/Q6429269,Kongu Tamil,Q6429269,Kongu_Tamil,KonguTamil : Country,KonguTamil = mkNP KonguTamil_N ;,KonguTamil_N : N = mkN """"Kongu Tamil"""" ";"
http://www.wikidata.org/entity/Q5555465,Ghanaian Pidgin English,Q5555465,Ghanaian_Pidgin_English,GhanaianPidginEnglish : Country,GhanaianPidginEnglish = mkNP GhanaianPidginEnglish_N ;,GhanaianPidginEnglish_N : N = mkN """"Ghanaian Pidgin English"""" ";"
http://www.wikidata.org/entity/Q6399808,Khalkha Mongolian,Q6399808,Khalkha_Mongolian,KhalkhaMongolian : Country,KhalkhaMongolian = mkNP KhalkhaMongolian_N ;,KhalkhaMongolian_N : N = mkN """"Khalkha Mongolian"""" ";"
http://www.wikidata.org/entity/Q11732445,Merwari,Q11732445,Merwari,Merwari : Country,Merwari = mkNP Merwari_N ;,Merwari_N : N = mkN """"Merwari"""" ";"
http://www.wikidata.org/entity/Q7033959,Yue Chinese,Q7033959,Yue_Chinese,YueChinese : Country,YueChinese = mkNP YueChinese_N ;,YueChinese_N : N = mkN """"Yue Chinese"""" ";"
http://www.wikidata.org/entity/Q5061628,Central Pashto,Q5061628,Central_Pashto,CentralPashto : Country,CentralPashto = mkNP CentralPashto_N ;,CentralPashto_N : N = mkN """"Central Pashto"""" ";"
http://www.wikidata.org/entity/Q3915909,Negeri Sembilan Malay,Q3915909,Negeri_Sembilan_Malay,NegeriSembilanMalay : Country,NegeriSembilanMalay = mkNP NegeriSembilanMalay_N ;,NegeriSembilanMalay_N : N = mkN """"Negeri Sembilan Malay"""" ";"
http://www.wikidata.org/entity/Q33810,Odia,Q33810,Odia,Odia : Country,Odia = mkNP Odia_N ;,Odia_N : N = mkN """"Odia"""" ";"
http://www.wikidata.org/entity/Q9091,Belarusian,Q9091,Belarusian,Belarusian : Country,Belarusian = mkNP Belarusian_N ;,Belarusian_N : N = mkN """"Belarusian"""" ";"
http://www.wikidata.org/entity/Q33890,Northern Sotho,Q33890,Northern_Sotho,NorthernSotho : Country,NorthernSotho = mkNP NorthernSotho_N ;,NorthernSotho_N : N = mkN """"Northern Sotho"""" ";"
http://www.wikidata.org/entity/Q9083,Lithuanian,Q9083,Lithuanian,Lithuanian : Country,Lithuanian = mkNP Lithuanian_N ;,Lithuanian_N : N = mkN """"Lithuanian"""" ";"
http://www.wikidata.org/entity/Q9027,Swedish,Q9027,Swedish,Swedish : Country,Swedish = mkNP Swedish_N ;,Swedish_N : N = mkN """"Swedish"""" ";"
http://www.wikidata.org/entity/Q9255,Kyrgyz,Q9255,Kyrgyz,Kyrgyz : Country,Kyrgyz = mkNP Kyrgyz_N ;,Kyrgyz_N : N = mkN """"Kyrgyz"""" ";"
http://www.wikidata.org/entity/Q9292,Azerbaijani,Q9292,Azerbaijani,Azerbaijani : Country,Azerbaijani = mkNP Azerbaijani_N ;,Azerbaijani_N : N = mkN """"Azerbaijani"""" ";"
http://www.wikidata.org/entity/Q9264,Uzbek,Q9264,Uzbek,Uzbek : Country,Uzbek = mkNP Uzbek_N ;,Uzbek_N : N = mkN """"Uzbek"""" ";"
http://www.wikidata.org/entity/Q9078,Latvian,Q9078,Latvian,Latvian : Country,Latvian = mkNP Latvian_N ;,Latvian_N : N = mkN """"Latvian"""" ";"
http://www.wikidata.org/entity/Q9288,Hebrew,Q9288,Hebrew,Hebrew : Country,Hebrew = mkNP Hebrew_N ;,Hebrew_N : N = mkN """"Hebrew"""" ";"
http://www.wikidata.org/entity/Q33976,Sardinian,Q33976,Sardinian,Sardinian : Country,Sardinian = mkNP Sardinian_N ;,Sardinian_N : N = mkN """"Sardinian"""" ";"
http://www.wikidata.org/entity/Q33845,Neapolitan,Q33845,Neapolitan,Neapolitan : Country,Neapolitan = mkNP Neapolitan_N ;,Neapolitan_N : N = mkN """"Neapolitan"""" ";"
http://www.wikidata.org/entity/Q9043,Norwegian,Q9043,Norwegian,Norwegian : Country,Norwegian = mkNP Norwegian_N ;,Norwegian_N : N = mkN """"Norwegian"""" ";"
http://www.wikidata.org/entity/Q9192,Mandarin,Q9192,Mandarin,Mandarin : Country,Mandarin = mkNP Mandarin_N ;,Mandarin_N : N = mkN """"Mandarin"""" ";"
http://www.wikidata.org/entity/Q9211,Lao,Q9211,Lao,Lao : Country,Lao = mkNP Lao_N ;,Lao_N : N = mkN """"Lao"""" ";"
http://www.wikidata.org/entity/Q9205,Khmer,Q9205,Khmer,Khmer : Country,Khmer = mkNP Khmer_N ;,Khmer_N : N = mkN """"Khmer"""" ";"
http://www.wikidata.org/entity/Q12361545,Standard Estonian,Q12361545,Standard_Estonian,StandardEstonian : Country,StandardEstonian = mkNP StandardEstonian_N ;,StandardEstonian_N : N = mkN """"Standard Estonian"""" ";"
http://www.wikidata.org/entity/Q34014,Swazi,Q34014,Swazi,Swazi : Country,Swazi = mkNP Swazi_N ;,Swazi_N : N = mkN """"Swazi"""" ";"
http://www.wikidata.org/entity/Q34137,Tswana,Q34137,Tswana,Tswana : Country,Tswana = mkNP Tswana_N ;,Tswana_N : N = mkN """"Tswana"""" ";"
http://www.wikidata.org/entity/Q13220,Xiang Chinese,Q13220,Xiang_Chinese,XiangChinese : Country,XiangChinese = mkNP XiangChinese_N ;,XiangChinese_N : N = mkN """"Xiang Chinese"""" ";"
http://www.wikidata.org/entity/Q13263,Uyghur,Q13263,Uyghur,Uyghur : Country,Uyghur = mkNP Uyghur_N ;,Uyghur_N : N = mkN """"Uyghur"""" ";"
http://www.wikidata.org/entity/Q13218,Xhosa,Q13218,Xhosa,Xhosa : Country,Xhosa = mkNP Xhosa_N ;,Xhosa_N : N = mkN """"Xhosa"""" ";"
http://www.wikidata.org/entity/Q33990,Susu,Q33990,Susu,Susu : Country,Susu = mkNP Susu_N ;,Susu_N : N = mkN """"Susu"""" ";"
http://www.wikidata.org/entity/Q13216,Zhuang,Q13216,Zhuang,Zhuang : Country,Zhuang = mkNP Zhuang_N ;,Zhuang_N : N = mkN """"Zhuang"""" ";"
http://www.wikidata.org/entity/Q13207,Runyankole,Q13207,Runyankole,Runyankole : Country,Runyankole = mkNP Runyankole_N ;,Runyankole_N : N = mkN """"Runyankole"""" ";"
http://www.wikidata.org/entity/Q9610,Bangla,Q9610,Bangla,Bangla : Country,Bangla = mkNP Bangla_N ;,Bangla_N : N = mkN """"Bangla"""" ";"
http://www.wikidata.org/entity/Q13201,Romani,Q13201,Romani,Romani : Country,Romani = mkNP Romani_N ;,Romani_N : N = mkN """"Romani"""" ";"
http://www.wikidata.org/entity/Q6654,Croatian,Q6654,Croatian,Croatian : Country,Croatian = mkNP Croatian_N ;,Croatian_N : N = mkN """"Croatian"""" ";"
http://www.wikidata.org/entity/Q34174,Tarifit,Q34174,Tarifit,Tarifit : Country,Tarifit = mkNP Tarifit_N ;,Tarifit_N : N = mkN """"Tarifit"""" ";"
http://www.wikidata.org/entity/Q34173,Luba-Kasai,Q34173,Luba_Kasai,Luba-Kasai : Country,Luba-Kasai = mkNP Luba-Kasai_N ;,Luba-Kasai_N : N = mkN """"Luba-Kasai"""" ";"
http://www.wikidata.org/entity/Q34101,Tonga,Q34101,Tonga,Tonga : Country,Tonga = mkNP Tonga_N ;,Tonga_N : N = mkN """"Tonga"""" ";"
http://www.wikidata.org/entity/Q34065,Tuareg,Q34065,Tuareg,Tuareg : Country,Tuareg = mkNP Tuareg_N ;,Tuareg_N : N = mkN """"Tuareg"""" ";"
http://www.wikidata.org/entity/Q13267,Sinhala,Q13267,Sinhala,Sinhala : Country,Sinhala = mkNP Sinhala_N ;,Sinhala_N : N = mkN """"Sinhala"""" ";"
http://www.wikidata.org/entity/Q9296,Macedonian,Q9296,Macedonian,Macedonian : Country,Macedonian = mkNP Macedonian_N ;,Macedonian_N : N = mkN """"Macedonian"""" ";"
http://www.wikidata.org/entity/Q9299,Serbian,Q9299,Serbian,Serbian : Country,Serbian = mkNP Serbian_N ;,Serbian_N : N = mkN """"Serbian"""" ";"
http://www.wikidata.org/entity/Q34124,Tigrinya,Q34124,Tigrinya,Tigrinya : Country,Tigrinya = mkNP Tigrinya_N ;,Tigrinya_N : N = mkN """"Tigrinya"""" ";"
http://www.wikidata.org/entity/Q34235,Nuosu,Q34235,Nuosu,Nuosu : Country,Nuosu = mkNP Nuosu_N ;,Nuosu_N : N = mkN """"Nuosu"""" ";"
http://www.wikidata.org/entity/Q13324,Minangkabau,Q13324,Minangkabau,Minangkabau : Country,Minangkabau = mkNP Minangkabau_N ;,Minangkabau_N : N = mkN """"Minangkabau"""" ";"
http://www.wikidata.org/entity/Q34279,Waray,Q34279,Waray,Waray : Country,Waray = mkNP Waray_N ;,Waray_N : N = mkN """"Waray"""" ";"
http://www.wikidata.org/entity/Q13389,Bashkir,Q13389,Bashkir,Bashkir : Country,Bashkir = mkNP Bashkir_N ;,Bashkir_N : N = mkN """"Bashkir"""" ";"
http://www.wikidata.org/entity/Q10199,Zazaki,Q10199,Zazaki,Zazaki : Country,Zazaki = mkNP Zazaki_N ;,Zazaki_N : N = mkN """"Zazaki"""" ";"
http://www.wikidata.org/entity/Q29401,Assamese,Q29401,Assamese,Assamese : Country,Assamese = mkNP Assamese_N ;,Assamese_N : N = mkN """"Assamese"""" ";"
http://www.wikidata.org/entity/Q13356,Mazanderani,Q13356,Mazanderani,Mazanderani : Country,Mazanderani = mkNP Mazanderani_N ;,Mazanderani_N : N = mkN """"Mazanderani"""" ";"
http://www.wikidata.org/entity/Q10179,Zulu,Q10179,Zulu,Zulu : Country,Zulu = mkNP Zulu_N ;,Zulu_N : N = mkN """"Zulu"""" ";"
http://www.wikidata.org/entity/Q25433,Low German,Q25433,Low_German,LowGerman : Country,LowGerman = mkNP LowGerman_N ;,LowGerman_N : N = mkN """"Low German"""" ";"
http://www.wikidata.org/entity/Q14549,Scots,Q14549,Scots,Scots : Country,Scots = mkNP Scots_N ;,Scots_N : N = mkN """"Scots"""" ";"
http://www.wikidata.org/entity/Q13955,Arabic,Q13955,Arabic,Arabic : Country,Arabic = mkNP Arabic_N ;,Arabic_N : N = mkN """"Arabic"""" ";"
http://www.wikidata.org/entity/Q14196,Afrikaans,Q14196,Afrikaans,Afrikaans : Country,Afrikaans = mkNP Afrikaans_N ;,Afrikaans_N : N = mkN """"Afrikaans"""" ";"
http://www.wikidata.org/entity/Q30005,Ewe,Q30005,Ewe,Ewe : Country,Ewe = mkNP Ewe_N ;,Ewe_N : N = mkN """"Ewe"""" ";"
http://www.wikidata.org/entity/Q13275,Somali,Q13275,Somali,Somali : Country,Somali = mkNP Somali_N ;,Somali_N : N = mkN """"Somali"""" ";"
http://www.wikidata.org/entity/Q25285,Tatar,Q25285,Tatar,Tatar : Country,Tatar = mkNP Tatar_N ;,Tatar_N : N = mkN """"Tatar"""" ";"
http://www.wikidata.org/entity/Q7850,Chinese,Q7850,Chinese,Chinese : Country,Chinese = mkNP Chinese_N ;,Chinese_N : N = mkN """"Chinese"""" ";"
http://www.wikidata.org/entity/Q27683,Acehnese,Q27683,Acehnese,Acehnese : Country,Acehnese = mkNP Acehnese_N ;,Acehnese_N : N = mkN """"Acehnese"""" ";"
http://www.wikidata.org/entity/Q34290,Wu Chinese,Q34290,Wu_Chinese,WuChinese : Country,WuChinese = mkNP WuChinese_N ;,WuChinese_N : N = mkN """"Wu Chinese"""" ";"
http://www.wikidata.org/entity/Q32704,Venda,Q32704,Venda,Venda : Country,Venda = mkNP Venda_N ;,Venda_N : N = mkN """"Venda"""" ";"
http://www.wikidata.org/entity/Q32730,Dogri,Q32730,Dogri,Dogri : Country,Dogri = mkNP Dogri_N ;,Dogri_N : N = mkN """"Dogri"""" ";"
http://www.wikidata.org/entity/Q29919,Egyptian Arabic,Q29919,Egyptian_Arabic,EgyptianArabic : Country,EgyptianArabic = mkNP EgyptianArabic_N ;,EgyptianArabic_N : N = mkN """"Egyptian Arabic"""" ";"
http://www.wikidata.org/entity/Q33017,Toba Batak,Q33017,Toba_Batak,TobaBatak : Country,TobaBatak = mkNP TobaBatak_N ;,TobaBatak_N : N = mkN """"Toba Batak"""" ";"
http://www.wikidata.org/entity/Q13300,Nahuatl,Q13300,Nahuatl,Nahuatl : Country,Nahuatl = mkNP Nahuatl_N ;,Nahuatl_N : N = mkN """"Nahuatl"""" ";"
http://www.wikidata.org/entity/Q13196,Rajasthani,Q13196,Rajasthani,Rajasthani : Country,Rajasthani = mkNP Rajasthani_N ;,Rajasthani_N : N = mkN """"Rajasthani"""" ";"
http://www.wikidata.org/entity/Q33049,Balochi,Q33049,Balochi,Balochi : Country,Balochi = mkNP Balochi_N ;,Balochi_N : N = mkN """"Balochi"""" ";"
http://www.wikidata.org/entity/Q27811,Afar,Q27811,Afar,Afar : Country,Afar = mkNP Afar_N ;,Afar_N : N = mkN """"Afar"""" ";"
http://www.wikidata.org/entity/Q28244,Amharic,Q28244,Amharic,Amharic : Country,Amharic = mkNP Amharic_N ;,Amharic_N : N = mkN """"Amharic"""" ";"
http://www.wikidata.org/entity/Q9307,Galician,Q9307,Galician,Galician : Country,Galician = mkNP Galician_N ;,Galician_N : N = mkN """"Galician"""" ";"
http://www.wikidata.org/entity/Q32641,Valencian,Q32641,Valencian,Valencian : Country,Valencian = mkNP Valencian_N ;,Valencian_N : N = mkN """"Valencian"""" ";"
http://www.wikidata.org/entity/Q32238,Dagbani,Q32238,Dagbani,Dagbani : Country,Dagbani = mkNP Dagbani_N ;,Dagbani_N : N = mkN """"Dagbani"""" ";"
http://www.wikidata.org/entity/Q33158,Chhattisgarhi,Q33158,Chhattisgarhi,Chhattisgarhi : Country,Chhattisgarhi = mkNP Chhattisgarhi_N ;,Chhattisgarhi_N : N = mkN """"Chhattisgarhi"""" ";"
http://www.wikidata.org/entity/Q33190,Bugis,Q33190,Bugis,Bugis : Country,Bugis = mkNP Bugis_N ;,Bugis_N : N = mkN """"Bugis"""" ";"
http://www.wikidata.org/entity/Q33151,Banjar,Q33151,Banjar,Banjar : Country,Banjar = mkNP Banjar_N ;,Banjar_N : N = mkN """"Banjar"""" ";"
http://www.wikidata.org/entity/Q15085,Piedmontese,Q15085,Piedmontese,Piedmontese : Country,Piedmontese = mkNP Piedmontese_N ;,Piedmontese_N : N = mkN """"Piedmontese"""" ";"
http://www.wikidata.org/entity/Q33070,Balinese,Q33070,Balinese,Balinese : Country,Balinese = mkNP Balinese_N ;,Balinese_N : N = mkN """"Balinese"""" ";"
http://www.wikidata.org/entity/Q33273,Chewa,Q33273,Chewa,Chewa : Country,Chewa = mkNP Chewa_N ;,Chewa_N : N = mkN """"Chewa"""" ";"
http://www.wikidata.org/entity/Q32724,Venetian,Q32724,Venetian,Venetian : Country,Venetian = mkNP Venetian_N ;,Venetian_N : N = mkN """"Venetian"""" ";"
http://www.wikidata.org/entity/Q33202,Brahui,Q33202,Brahui,Brahui : Country,Brahui = mkNP Brahui_N ;,Brahui_N : N = mkN """"Brahui"""" ";"
http://www.wikidata.org/entity/Q33350,Chechen,Q33350,Chechen,Chechen : Country,Chechen = mkNP Chechen_N ;,Chechen_N : N = mkN """"Chechen"""" ";"
http://www.wikidata.org/entity/Q29540,Bavarian,Q29540,Bavarian,Bavarian : Country,Bavarian = mkNP Bavarian_N ;,Bavarian_N : N = mkN """"Bavarian"""" ";"
http://www.wikidata.org/entity/Q33268,Bhojpuri,Q33268,Bhojpuri,Bhojpuri : Country,Bhojpuri = mkNP Bhojpuri_N ;,Bhojpuri_N : N = mkN """"Bhojpuri"""" ";"
http://www.wikidata.org/entity/Q33229,Bhili,Q33229,Bhili,Bhili : Country,Bhili = mkNP Bhili_N ;,Bhili_N : N = mkN """"Bhili"""" ";"
http://www.wikidata.org/entity/Q28026,Akan,Q28026,Akan,Akan : Country,Akan = mkNP Akan_N ;,Akan_N : N = mkN """"Akan"""" ";"
http://www.wikidata.org/entity/Q25167,Bokmål,Q25167,Bokmal,Bokmål : Country,Bokmål = mkNP Bokmål_N ;,Bokmål_N : N = mkN """"Bokmål"""" ";"
http://www.wikidata.org/entity/Q33223,Bodo,Q33223,Bodo,Bodo : Country,Bodo = mkNP Bodo_N ;,Bodo_N : N = mkN """"Bodo"""" ";"
http://www.wikidata.org/entity/Q33025,Beja,Q33025,Beja,Beja : Country,Beja = mkNP Beja_N ;,Beja_N : N = mkN """"Beja"""" ";"
http://www.wikidata.org/entity/Q33052,Bemba,Q33052,Bemba,Bemba : Country,Bemba = mkNP Bemba_N ;,Bemba_N : N = mkN """"Bemba"""" ";"
http://www.wikidata.org/entity/Q33173,Chittagonian,Q33173,Chittagonian,Chittagonian : Country,Chittagonian = mkNP Chittagonian_N ;,Chittagonian_N : N = mkN """"Chittagonian"""" ";"
http://www.wikidata.org/entity/Q22809485,North Levantine Arabic,Q22809485,North_Levantine_Arabic,NorthLevantineArabic : Country,NorthLevantineArabic = mkNP NorthLevantineArabic_N ;,NorthLevantineArabic_N : N = mkN """"North Levantine Arabic"""" ";"
http://www.wikidata.org/entity/Q16112855,Southern Pashto,Q16112855,Southern_Pashto,SouthernPashto : Country,SouthernPashto = mkNP SouthernPashto_N ;,SouthernPashto_N : N = mkN """"Southern Pashto"""" ";"
http://www.wikidata.org/entity/Q12642194,Northern Pashto,Q12642194,Northern_Pashto,NorthernPashto : Country,NorthernPashto = mkNP NorthernPashto_N ;,NorthernPashto_N : N = mkN """"Northern Pashto"""" ";"
http://www.wikidata.org/entity/Q33375,Hakka Chinese,Q33375,Hakka_Chinese,HakkaChinese : Country,HakkaChinese = mkNP HakkaChinese_N ;,HakkaChinese_N : N = mkN """"Hakka Chinese"""" ";"
http://www.wikidata.org/entity/Q33398,Hazaragi,Q33398,Hazaragi,Hazaragi : Country,Hazaragi = mkNP Hazaragi_N ;,Hazaragi_N : N = mkN """"Hazaragi"""" ";"
http://www.wikidata.org/entity/Q29579,Awadhi,Q29579,Awadhi,Awadhi : Country,Awadhi = mkNP Awadhi_N ;,Awadhi_N : N = mkN """"Awadhi"""" ";"
http://www.wikidata.org/entity/Q33368,Luganda,Q33368,Luganda,Luganda : Country,Luganda = mkNP Luganda_N ;,Luganda_N : N = mkN """"Luganda"""" ";"
http://www.wikidata.org/entity/Q33219,Banyumasan Javanese,Q33219,Banyumasan_Javanese,BanyumasanJavanese : Country,BanyumasanJavanese = mkNP BanyumasanJavanese_N ;,BanyumasanJavanese_N : N = mkN """"Banyumasan Javanese"""" ";"
http://www.wikidata.org/entity/Q33239,Cebuano,Q33239,Cebuano,Cebuano : Country,Cebuano = mkNP Cebuano_N ;,Cebuano_N : N = mkN """"Cebuano"""" ";"
http://www.wikidata.org/entity/Q32706,Dioula,Q32706,Dioula,Dioula : Country,Dioula = mkNP Dioula_N ;,Dioula_N : N = mkN """"Dioula"""" ";"
http://www.wikidata.org/entity/Q33270,Ho,Q33270,Ho,Ho : Country,Ho = mkNP Ho_N ;,Ho_N : N = mkN """"Ho"""" ";"
http://www.wikidata.org/entity/Q33291,Fon,Q33291,Fon,Fon : Country,Fon = mkNP Fon_N ;,Fon_N : N = mkN """"Fon"""" ";"
http://www.wikidata.org/entity/Q33284,Central Bikol,Q33284,Central_Bikol,CentralBikol : Country,CentralBikol = mkNP CentralBikol_N ;,CentralBikol_N : N = mkN """"Central Bikol"""" ";"
http://www.wikidata.org/entity/Q33274,Shawiya,Q33274,Shawiya,Shawiya : Country,Shawiya = mkNP Shawiya_N ;,Shawiya_N : N = mkN """"Shawiya"""" ";"
http://www.wikidata.org/entity/Q33243,Bambara,Q33243,Bambara,Bambara : Country,Bambara = mkNP Bambara_N ;,Bambara_N : N = mkN """"Bambara"""" ";"
http://www.wikidata.org/entity/Q55633582,South Levantine Arabic,Q55633582,South_Levantine_Arabic,SouthLevantineArabic : Country,SouthLevantineArabic = mkNP SouthLevantineArabic_N ;,SouthLevantineArabic_N : N = mkN """"South Levantine Arabic"""" ";"
http://www.wikidata.org/entity/Q65455884,Marwari,Q65455884,Marwari,Marwari : Country,Marwari = mkNP Marwari_N ;,Marwari_N : N = mkN """"Marwari"""" ";"
http://www.wikidata.org/entity/Q33813,Miao,Q33813,Miao,Miao : Country,Miao = mkNP Miao_N ;,Miao_N : N = mkN """"Miao"""" ";"
http://www.wikidata.org/entity/Q110276967,Ciamis Sundanese,Q110276967,Ciamis_Sundanese,CiamisSundanese : Country,CiamisSundanese = mkNP CiamisSundanese_N ;,CiamisSundanese_N : N = mkN """"Ciamis Sundanese"""" ";"
http://www.wikidata.org/entity/Q17993025,Standard Persian,Q17993025,Standard_Persian,StandardPersian : Country,StandardPersian = mkNP StandardPersian_N ;,StandardPersian_N : N = mkN """"Standard Persian"""" ";"
http://www.wikidata.org/entity/Q10867404,Sabah Malay,Q10867404,Sabah_Malay,SabahMalay : Country,SabahMalay = mkNP SabahMalay_N ;,SabahMalay_N : N = mkN """"Sabah Malay"""" ";"
http://www.wikidata.org/entity/Q25268,Afroasiatic,Q25268,Afroasiatic,Afroasiatic : Country,Afroasiatic = mkNP Afroasiatic_N ;,Afroasiatic_N : N = mkN """"Afroasiatic"""" ";"
http://www.wikidata.org/entity/Q36094,Kanuri,Q36094,Kanuri,Kanuri : Country,Kanuri = mkNP Kanuri_N ;,Kanuri_N : N = mkN """"Kanuri"""" ";"
http://www.wikidata.org/entity/Q56312,Marwari,Q56312,Marwari,Marwari : Country,Marwari = mkNP Marwari_N ;,Marwari_N : N = mkN """"Marwari"""" ";"
http://www.wikidata.org/entity/Q180937,Tosk,Q180937,Tosk,Tosk : Country,Tosk = mkNP Tosk_N ;,Tosk_N : N = mkN """"Tosk"""" ";"
"
