city,entity id,cityLabel_en,function name,abstract line,eng concrete line,eng lexicon line
http://www.wikidata.org/entity/Q1519,Q1519,Abu Dhabi,Q1519_Abu_Dhabi,Q1519_Abu_Dhabi : CapitalCity ;,Q1519_Abu_Dhabi = mkNP Abu_Dhabi_N ;,"Abu_Dhabi_N : N = mkN ""Abu Dhabi"" ;"
http://www.wikidata.org/entity/Q3787,Q3787,Abuja,Q3787_Abuja,Q3787_Abuja : CapitalCity ;,Q3787_Abuja = mkNP Abuja_N ;,"Abuja_N : N = mkN ""Abuja"" ;"
http://www.wikidata.org/entity/Q3761,Q3761,Accra,Q3761_Accra,Q3761_Accra : CapitalCity ;,Q3761_Accra = mkNP Accra_N ;,"Accra_N : N = mkN ""Accra"" ;"
http://www.wikidata.org/entity/Q3624,Q3624,Addis Ababa,Q3624_Addis_Ababa,Q3624_Addis_Ababa : CapitalCity ;,Q3624_Addis_Ababa = mkNP Addis_Ababa_N ;,"Addis_Ababa_N : N = mkN ""Addis Ababa"" ;"
http://www.wikidata.org/entity/Q131694,Q131694,Aden,Q131694_Aden,Q131694_Aden : CapitalCity ;,Q131694_Aden = mkNP Aden_N ;,"Aden_N : N = mkN ""Aden"" ;"
http://www.wikidata.org/entity/Q289618,Q289618,Al-Mansuriya,Q289618_Al_Mansuriya,Q289618_Al_Mansuriya : CapitalCity ;,Q289618_Al_Mansuriya = mkNP Al_Mansuriya_N ;,"Al_Mansuriya_N : N = mkN ""Al-Mansuriya"" ;"
http://www.wikidata.org/entity/Q3561,Q3561,Algiers,Q3561_Algiers,Q3561_Algiers : CapitalCity ;,Q3561_Algiers = mkNP Algiers_N ;,"Algiers_N : N = mkN ""Algiers"" ;"
http://www.wikidata.org/entity/Q30966,Q30966,Alofi,Q30966_Alofi,Q30966_Alofi : CapitalCity ;,Q30966_Alofi = mkNP Alofi_N ;,"Alofi_N : N = mkN ""Alofi"" ;"
http://www.wikidata.org/entity/Q3805,Q3805,Amman,Q3805_Amman,Q3805_Amman : CapitalCity ;,Q3805_Amman = mkNP Amman_N ;,"Amman_N : N = mkN ""Amman"" ;"
http://www.wikidata.org/entity/Q727,Q727,Amsterdam,Q727_Amsterdam,Q727_Amsterdam : CapitalCity ;,Q727_Amsterdam = mkNP Amsterdam_N ;,"Amsterdam_N : N = mkN ""Amsterdam"" ;"
http://www.wikidata.org/entity/Q1863,Q1863,Andorra la Vella,Q1863_Andorra_la_Vella,Q1863_Andorra_la_Vella : CapitalCity ;,Q1863_Andorra_la_Vella = mkNP Andorra_la_Vella_N ;,"Andorra_la_Vella_N : N = mkN ""Andorra la Vella"" ;"
http://www.wikidata.org/entity/Q3640,Q3640,Ankara,Q3640_Ankara,Q3640_Ankara : CapitalCity ;,Q3640_Ankara = mkNP Ankara_N ;,"Ankara_N : N = mkN ""Ankara"" ;"
http://www.wikidata.org/entity/Q3915,Q3915,Antananarivo,Q3915_Antananarivo,Q3915_Antananarivo : CapitalCity ;,Q3915_Antananarivo = mkNP Antananarivo_N ;,"Antananarivo_N : N = mkN ""Antananarivo"" ;"
http://www.wikidata.org/entity/Q36260,Q36260,Apia,Q36260_Apia,Q36260_Apia : CapitalCity ;,Q36260_Apia = mkNP Apia_N ;,"Apia_N : N = mkN ""Apia"" ;"
http://www.wikidata.org/entity/Q23438,Q23438,Ashgabat,Q23438_Ashgabat,Q23438_Ashgabat : CapitalCity ;,Q23438_Ashgabat = mkNP Ashgabat_N ;,"Ashgabat_N : N = mkN ""Ashgabat"" ;"
http://www.wikidata.org/entity/Q3642,Q3642,Asmara,Q3642_Asmara,Q3642_Asmara : CapitalCity ;,Q3642_Asmara = mkNP Asmara_N ;,"Asmara_N : N = mkN ""Asmara"" ;"
http://www.wikidata.org/entity/Q1520,Q1520,Astana,Q1520_Astana,Q1520_Astana : CapitalCity ;,Q1520_Astana = mkNP Astana_N ;,"Astana_N : N = mkN ""Astana"" ;"
http://www.wikidata.org/entity/Q2933,Q2933,Asunción,Q2933_Asuncion,Q2933_Asuncion : CapitalCity ;,Q2933_Asuncion = mkNP Asuncion_N ;,"Asuncion_N : N = mkN ""Asunción"" ;"
http://www.wikidata.org/entity/Q1524,Q1524,Athens,Q1524_Athens,Q1524_Athens : CapitalCity ;,Q1524_Athens = mkNP Athens_N ;,"Athens_N : N = mkN ""Athens"" ;"
http://www.wikidata.org/entity/Q170482,Q170482,Avarua,Q170482_Avarua,Q170482_Avarua : CapitalCity ;,Q170482_Avarua = mkNP Avarua_N ;,"Avarua_N : N = mkN ""Avarua"" ;"
http://www.wikidata.org/entity/Q1530,Q1530,Baghdad,Q1530_Baghdad,Q1530_Baghdad : CapitalCity ;,Q1530_Baghdad = mkNP Baghdad_N ;,"Baghdad_N : N = mkN ""Baghdad"" ;"
http://www.wikidata.org/entity/Q9248,Q9248,Baku,Q9248_Baku,Q9248_Baku : CapitalCity ;,Q9248_Baku = mkNP Baku_N ;,"Baku_N : N = mkN ""Baku"" ;"
http://www.wikidata.org/entity/Q3703,Q3703,Bamako,Q3703_Bamako,Q3703_Bamako : CapitalCity ;,Q3703_Bamako = mkNP Bamako_N ;,"Bamako_N : N = mkN ""Bamako"" ;"
http://www.wikidata.org/entity/Q9279,Q9279,Bandar Seri Begawan,Q9279_Bandar_Seri_Begawan,Q9279_Bandar_Seri_Begawan : CapitalCity ;,Q9279_Bandar_Seri_Begawan = mkNP Bandar_Seri_Begawan_N ;,"Bandar_Seri_Begawan_N : N = mkN ""Bandar Seri Begawan"" ;"
http://www.wikidata.org/entity/Q1861,Q1861,Bangkok,Q1861_Bangkok,Q1861_Bangkok : CapitalCity ;,Q1861_Bangkok = mkNP Bangkok_N ;,"Bangkok_N : N = mkN ""Bangkok"" ;"
http://www.wikidata.org/entity/Q3832,Q3832,Bangui,Q3832_Bangui,Q3832_Bangui : CapitalCity ;,Q3832_Bangui = mkNP Bangui_N ;,"Bangui_N : N = mkN ""Bangui"" ;"
http://www.wikidata.org/entity/Q3726,Q3726,Banjul,Q3726_Banjul,Q3726_Banjul : CapitalCity ;,Q3726_Banjul = mkNP Banjul_N ;,"Banjul_N : N = mkN ""Banjul"" ;"
http://www.wikidata.org/entity/Q41295,Q41295,Basseterre,Q41295_Basseterre,Q41295_Basseterre : CapitalCity ;,Q41295_Basseterre = mkNP Basseterre_N ;,"Basseterre_N : N = mkN ""Basseterre"" ;"
http://www.wikidata.org/entity/Q956,Q956,Beijing,Q956_Beijing,Q956_Beijing : CapitalCity ;,Q956_Beijing = mkNP Beijing_N ;,"Beijing_N : N = mkN ""Beijing"" ;"
http://www.wikidata.org/entity/Q3820,Q3820,Beirut,Q3820_Beirut,Q3820_Beirut : CapitalCity ;,Q3820_Beirut = mkNP Beirut_N ;,"Beirut_N : N = mkN ""Beirut"" ;"
http://www.wikidata.org/entity/Q3711,Q3711,Belgrade,Q3711_Belgrade,Q3711_Belgrade : CapitalCity ;,Q3711_Belgrade = mkNP Belgrade_N ;,"Belgrade_N : N = mkN ""Belgrade"" ;"
http://www.wikidata.org/entity/Q3043,Q3043,Belmopan,Q3043_Belmopan,Q3043_Belmopan : CapitalCity ;,Q3043_Belmopan = mkNP Belmopan_N ;,"Belmopan_N : N = mkN ""Belmopan"" ;"
http://www.wikidata.org/entity/Q64,Q64,Berlin,Q64_Berlin,Q64_Berlin : CapitalCity ;,Q64_Berlin = mkNP Berlin_N ;,"Berlin_N : N = mkN ""Berlin"" ;"
http://www.wikidata.org/entity/Q70,Q70,Bern,Q70_Bern,Q70_Bern : CapitalCity ;,Q70_Bern = mkNP Bern_N ;,"Bern_N : N = mkN ""Bern"" ;"
http://www.wikidata.org/entity/Q559834,Q559834,Bharatpur,Q559834_Bharatpur,Q559834_Bharatpur : CapitalCity ;,Q559834_Bharatpur = mkNP Bharatpur_N ;,"Bharatpur_N : N = mkN ""Bharatpur"" ;"
http://www.wikidata.org/entity/Q9361,Q9361,Bishkek,Q9361_Bishkek,Q9361_Bishkek : CapitalCity ;,Q9361_Bishkek = mkNP Bishkek_N ;,"Bishkek_N : N = mkN ""Bishkek"" ;"
http://www.wikidata.org/entity/Q533087,Q533087,Bishnupur,Q533087_Bishnupur,Q533087_Bishnupur : CapitalCity ;,Q533087_Bishnupur = mkNP Bishnupur_N ;,"Bishnupur_N : N = mkN ""Bishnupur"" ;"
http://www.wikidata.org/entity/Q3739,Q3739,Bissau,Q3739_Bissau,Q3739_Bissau : CapitalCity ;,Q3739_Bissau = mkNP Bissau_N ;,"Bissau_N : N = mkN ""Bissau"" ;"
http://www.wikidata.org/entity/Q37701,Q37701,Bloemfontein,Q37701_Bloemfontein,Q37701_Bloemfontein : CapitalCity ;,Q37701_Bloemfontein = mkNP Bloemfontein_N ;,"Bloemfontein_N : N = mkN ""Bloemfontein"" ;"
http://www.wikidata.org/entity/Q2841,Q2841,Bogotá,Q2841_Bogota,Q2841_Bogota : CapitalCity ;,Q2841_Bogota = mkNP Bogota_N ;,"Bogota_N : N = mkN ""Bogotá"" ;"
http://www.wikidata.org/entity/Q2844,Q2844,Brasília,Q2844_Brasilia,Q2844_Brasilia : CapitalCity ;,Q2844_Brasilia = mkNP Brasilia_N ;,"Brasilia_N : N = mkN ""Brasília"" ;"
http://www.wikidata.org/entity/Q1780,Q1780,Bratislava,Q1780_Bratislava,Q1780_Bratislava : CapitalCity ;,Q1780_Bratislava = mkNP Bratislava_N ;,"Bratislava_N : N = mkN ""Bratislava"" ;"
http://www.wikidata.org/entity/Q3844,Q3844,Brazzaville,Q3844_Brazzaville,Q3844_Brazzaville : CapitalCity ;,Q3844_Brazzaville = mkNP Brazzaville_N ;,"Brazzaville_N : N = mkN ""Brazzaville"" ;"
http://www.wikidata.org/entity/Q36168,Q36168,Bridgetown,Q36168_Bridgetown,Q36168_Bridgetown : CapitalCity ;,Q36168_Bridgetown = mkNP Bridgetown_N ;,"Bridgetown_N : N = mkN ""Bridgetown"" ;"
http://www.wikidata.org/entity/Q19660,Q19660,Bucharest,Q19660_Bucharest,Q19660_Bucharest : CapitalCity ;,Q19660_Bucharest = mkNP Bucharest_N ;,"Bucharest_N : N = mkN ""Bucharest"" ;"
http://www.wikidata.org/entity/Q1781,Q1781,Budapest,Q1781_Budapest,Q1781_Budapest : CapitalCity ;,Q1781_Budapest = mkNP Budapest_N ;,"Budapest_N : N = mkN ""Budapest"" ;"
http://www.wikidata.org/entity/Q1486,Q1486,Buenos Aires,Q1486_Buenos_Aires,Q1486_Buenos_Aires : CapitalCity ;,Q1486_Buenos_Aires = mkNP Buenos_Aires_N ;,"Buenos_Aires_N : N = mkN ""Buenos Aires"" ;"
http://www.wikidata.org/entity/Q85,Q85,Cairo,Q85_Cairo,Q85_Cairo : CapitalCity ;,Q85_Cairo = mkNP Cairo_N ;,"Cairo_N : N = mkN ""Cairo"" ;"
http://www.wikidata.org/entity/Q3114,Q3114,Canberra,Q3114_Canberra,Q3114_Canberra : CapitalCity ;,Q3114_Canberra = mkNP Canberra_N ;,"Canberra_N : N = mkN ""Canberra"" ;"
http://www.wikidata.org/entity/Q5465,Q5465,Cape Town,Q5465_Cape_Town,Q5465_Cape_Town : CapitalCity ;,Q5465_Cape_Town = mkNP Cape_Town_N ;,"Cape_Town_N : N = mkN ""Cape Town"" ;"
http://www.wikidata.org/entity/Q1533,Q1533,Caracas,Q1533_Caracas,Q1533_Caracas : CapitalCity ;,Q1533_Caracas = mkNP Caracas_N ;,"Caracas_N : N = mkN ""Caracas"" ;"
http://www.wikidata.org/entity/Q41699,Q41699,Castries,Q41699_Castries,Q41699_Castries : CapitalCity ;,Q41699_Castries = mkNP Castries_N ;,"Castries_N : N = mkN ""Castries"" ;"
http://www.wikidata.org/entity/Q21197,Q21197,Chișinău,Q21197_Chisinau,Q21197_Chisinau : CapitalCity ;,Q21197_Chisinau = mkNP Chisinau_N ;,"Chisinau_N : N = mkN ""Chișinău"" ;"
http://www.wikidata.org/entity/Q21711493,Q21711493,Christiania,Q21711493_Christiania,Q21711493_Christiania : CapitalCity ;,Q21711493_Christiania = mkNP Christiania_N ;,"Christiania_N : N = mkN ""Christiania"" ;"
http://www.wikidata.org/entity/Q239,Q239,City of Brussels,Q239_City_of_Brussels,Q239_City_of_Brussels : CapitalCity ;,Q239_City_of_Brussels = mkNP City_of_Brussels_N ;,"City_of_Brussels_N : N = mkN ""City of Brussels"" ;"
http://www.wikidata.org/entity/Q35381,Q35381,Colombo,Q35381_Colombo,Q35381_Colombo : CapitalCity ;,Q35381_Colombo = mkNP Colombo_N ;,"Colombo_N : N = mkN ""Colombo"" ;"
http://www.wikidata.org/entity/Q3733,Q3733,Conakry,Q3733_Conakry,Q3733_Conakry : CapitalCity ;,Q3733_Conakry = mkNP Conakry_N ;,"Conakry_N : N = mkN ""Conakry"" ;"
http://www.wikidata.org/entity/Q2449703,Q2449703,Coop of Brussels,Q2449703_Coop_of_Brussels,Q2449703_Coop_of_Brussels : CapitalCity ;,Q2449703_Coop_of_Brussels = mkNP Coop_of_Brussels_N ;,"Coop_of_Brussels_N : N = mkN ""Coop of Brussels"" ;"
http://www.wikidata.org/entity/Q1748,Q1748,Copenhagen,Q1748_Copenhagen,Q1748_Copenhagen : CapitalCity ;,Q1748_Copenhagen = mkNP Copenhagen_N ;,"Copenhagen_N : N = mkN ""Copenhagen"" ;"
http://www.wikidata.org/entity/Q3718,Q3718,Dakar,Q3718_Dakar,Q3718_Dakar : CapitalCity ;,Q3718_Dakar = mkNP Dakar_N ;,"Dakar_N : N = mkN ""Dakar"" ;"
http://www.wikidata.org/entity/Q3766,Q3766,Damascus,Q3766_Damascus,Q3766_Damascus : CapitalCity ;,Q3766_Damascus = mkNP Damascus_N ;,"Damascus_N : N = mkN ""Damascus"" ;"
http://www.wikidata.org/entity/Q1354,Q1354,Dhaka,Q1354_Dhaka,Q1354_Dhaka : CapitalCity ;,Q1354_Dhaka = mkNP Dhaka_N ;,"Dhaka_N : N = mkN ""Dhaka"" ;"
http://www.wikidata.org/entity/Q7003,Q7003,Dijon,Q7003_Dijon,Q7003_Dijon : CapitalCity ;,Q7003_Dijon = mkNP Dijon_N ;,"Dijon_N : N = mkN ""Dijon"" ;"
http://www.wikidata.org/entity/Q9310,Q9310,Dili,Q9310_Dili,Q9310_Dili : CapitalCity ;,Q9310_Dili = mkNP Dili_N ;,"Dili_N : N = mkN ""Dili"" ;"
http://www.wikidata.org/entity/Q3604,Q3604,Djibouti,Q3604_Djibouti,Q3604_Djibouti : CapitalCity ;,Q3604_Djibouti = mkNP Djibouti_N ;,"Djibouti_N : N = mkN ""Djibouti"" ;"
http://www.wikidata.org/entity/Q3866,Q3866,Dodoma,Q3866_Dodoma,Q3866_Dodoma : CapitalCity ;,Q3866_Dodoma = mkNP Dodoma_N ;,"Dodoma_N : N = mkN ""Dodoma"" ;"
http://www.wikidata.org/entity/Q3861,Q3861,Doha,Q3861_Doha,Q3861_Doha : CapitalCity ;,Q3861_Doha = mkNP Doha_N ;,"Doha_N : N = mkN ""Doha"" ;"
http://www.wikidata.org/entity/Q1761,Q1761,Dublin,Q1761_Dublin,Q1761_Dublin : CapitalCity ;,Q1761_Dublin = mkNP Dublin_N ;,"Dublin_N : N = mkN ""Dublin"" ;"
http://www.wikidata.org/entity/Q9365,Q9365,Dushanbe,Q9365_Dushanbe,Q9365_Dushanbe : CapitalCity ;,Q9365_Dushanbe = mkNP Dushanbe_N ;,"Dushanbe_N : N = mkN ""Dushanbe"" ;"
http://www.wikidata.org/entity/Q3780,Q3780,Freetown,Q3780_Freetown,Q3780_Freetown : CapitalCity ;,Q3780_Freetown = mkNP Freetown_N ;,"Freetown_N : N = mkN ""Freetown"" ;"
http://www.wikidata.org/entity/Q34126,Q34126,Funafuti,Q34126_Funafuti,Q34126_Funafuti : CapitalCity ;,Q34126_Funafuti = mkNP Funafuti_N ;,"Funafuti_N : N = mkN ""Funafuti"" ;"
http://www.wikidata.org/entity/Q3919,Q3919,Gaborone,Q3919_Gaborone,Q3919_Gaborone : CapitalCity ;,Q3919_Gaborone = mkNP Gaborone_N ;,"Gaborone_N : N = mkN ""Gaborone"" ;"
http://www.wikidata.org/entity/Q10717,Q10717,Georgetown,Q10717_Georgetown,Q10717_Georgetown : CapitalCity ;,Q10717_Georgetown = mkNP Georgetown_N ;,"Georgetown_N : N = mkN ""Georgetown"" ;"
http://www.wikidata.org/entity/Q1410,Q1410,Gibraltar,Q1410_Gibraltar,Q1410_Gibraltar : CapitalCity ;,Q1410_Gibraltar = mkNP Gibraltar_N ;,"Gibraltar_N : N = mkN ""Gibraltar"" ;"
http://www.wikidata.org/entity/Q167551,Q167551,Gitega,Q167551_Gitega,Q167551_Gitega : CapitalCity ;,Q167551_Gitega = mkNP Gitega_N ;,"Gitega_N : N = mkN ""Gitega"" ;"
http://www.wikidata.org/entity/Q5565130,Q5565130,Gitlaxt'aamiks,Q5565130_Gitlaxtaamiks,Q5565130_Gitlaxtaamiks : CapitalCity ;,Q5565130_Gitlaxtaamiks = mkNP Gitlaxtaamiks_N ;,"Gitlaxtaamiks_N : N = mkN ""Gitlaxt'aamiks"" ;"
http://www.wikidata.org/entity/Q1555,Q1555,Guatemala City,Q1555_Guatemala_City,Q1555_Guatemala_City : CapitalCity ;,Q1555_Guatemala_City = mkNP Guatemala_City_N ;,"Guatemala_City_N : N = mkN ""Guatemala City"" ;"
http://www.wikidata.org/entity/Q1858,Q1858,Hanoi,Q1858_Hanoi,Q1858_Hanoi : CapitalCity ;,Q1858_Hanoi = mkNP Hanoi_N ;,"Hanoi_N : N = mkN ""Hanoi"" ;"
http://www.wikidata.org/entity/Q3921,Q3921,Harare,Q3921_Harare,Q3921_Harare : CapitalCity ;,Q3921_Harare = mkNP Harare_N ;,"Harare_N : N = mkN ""Harare"" ;"
http://www.wikidata.org/entity/Q11409340,Q11409340,Harunotsuji Site,Q11409340_Harunotsuji_Site,Q11409340_Harunotsuji_Site : CapitalCity ;,Q11409340_Harunotsuji_Site = mkNP Harunotsuji_Site_N ;,"Harunotsuji_Site_N : N = mkN ""Harunotsuji Site"" ;"
http://www.wikidata.org/entity/Q1563,Q1563,Havana,Q1563_Havana,Q1563_Havana : CapitalCity ;,Q1563_Havana = mkNP Havana_N ;,"Havana_N : N = mkN ""Havana"" ;"
http://www.wikidata.org/entity/Q1757,Q1757,Helsinki,Q1757_Helsinki,Q1757_Helsinki : CapitalCity ;,Q1757_Helsinki = mkNP Helsinki_N ;,"Helsinki_N : N = mkN ""Helsinki"" ;"
http://www.wikidata.org/entity/Q40921,Q40921,Honiara,Q40921_Honiara,Q40921_Honiara : CapitalCity ;,Q40921_Honiara = mkNP Honiara_N ;,"Honiara_N : N = mkN ""Honiara"" ;"
http://www.wikidata.org/entity/Q3322143,Q3322143,Huari,Q3322143_Huari,Q3322143_Huari : CapitalCity ;,Q3322143_Huari = mkNP Huari_N ;,"Huari_N : N = mkN ""Huari"" ;"
http://www.wikidata.org/entity/Q1362,Q1362,Islamabad,Q1362_Islamabad,Q1362_Islamabad : CapitalCity ;,Q1362_Islamabad = mkNP Islamabad_N ;,"Islamabad_N : N = mkN ""Islamabad"" ;"
http://www.wikidata.org/entity/Q3630,Q3630,Jakarta,Q3630_Jakarta,Q3630_Jakarta : CapitalCity ;,Q3630_Jakarta = mkNP Jakarta_N ;,"Jakarta_N : N = mkN ""Jakarta"" ;"
http://www.wikidata.org/entity/Q1218,Q1218,Jerusalem,Q1218_Jerusalem,Q1218_Jerusalem : CapitalCity ;,Q1218_Jerusalem = mkNP Jerusalem_N ;,"Jerusalem_N : N = mkN ""Jerusalem"" ;"
http://www.wikidata.org/entity/Q1947,Q1947,Juba,Q1947_Juba,Q1947_Juba : CapitalCity ;,Q1947_Juba = mkNP Juba_N ;,"Juba_N : N = mkN ""Juba"" ;"
http://www.wikidata.org/entity/Q5838,Q5838,Kabul,Q5838_Kabul,Q5838_Kabul : CapitalCity ;,Q5838_Kabul = mkNP Kabul_N ;,"Kabul_N : N = mkN ""Kabul"" ;"
http://www.wikidata.org/entity/Q3894,Q3894,Kampala,Q3894_Kampala,Q3894_Kampala : CapitalCity ;,Q3894_Kampala = mkNP Kampala_N ;,"Kampala_N : N = mkN ""Kampala"" ;"
http://www.wikidata.org/entity/Q3037,Q3037,Kathmandu,Q3037_Kathmandu,Q3037_Kathmandu : CapitalCity ;,Q3037_Kathmandu = mkNP Kathmandu_N ;,"Kathmandu_N : N = mkN ""Kathmandu"" ;"
http://www.wikidata.org/entity/Q1963,Q1963,Khartoum,Q1963_Khartoum,Q1963_Khartoum : CapitalCity ;,Q1963_Khartoum = mkNP Khartoum_N ;,"Khartoum_N : N = mkN ""Khartoum"" ;"
http://www.wikidata.org/entity/Q3859,Q3859,Kigali,Q3859_Kigali,Q3859_Kigali : CapitalCity ;,Q3859_Kigali = mkNP Kigali_N ;,"Kigali_N : N = mkN ""Kigali"" ;"
http://www.wikidata.org/entity/Q34692,Q34692,Kingston,Q34692_Kingston,Q34692_Kingston : CapitalCity ;,Q34692_Kingston = mkNP Kingston_N ;,"Kingston_N : N = mkN ""Kingston"" ;"
http://www.wikidata.org/entity/Q41474,Q41474,Kingstown,Q41474_Kingstown,Q41474_Kingstown : CapitalCity ;,Q41474_Kingstown = mkNP Kingstown_N ;,"Kingstown_N : N = mkN ""Kingstown"" ;"
http://www.wikidata.org/entity/Q3838,Q3838,Kinshasa,Q3838_Kinshasa,Q3838_Kinshasa : CapitalCity ;,Q3838_Kinshasa = mkNP Kinshasa_N ;,"Kinshasa_N : N = mkN ""Kinshasa"" ;"
http://www.wikidata.org/entity/Q1865,Q1865,Kuala Lumpur,Q1865_Kuala_Lumpur,Q1865_Kuala_Lumpur : CapitalCity ;,Q1865_Kuala_Lumpur = mkNP Kuala_Lumpur_N ;,"Kuala_Lumpur_N : N = mkN ""Kuala Lumpur"" ;"
http://www.wikidata.org/entity/Q35178,Q35178,Kuwait City,Q35178_Kuwait_City,Q35178_Kuwait_City : CapitalCity ;,Q35178_Kuwait_City = mkNP Kuwait_City_N ;,"Kuwait_City_N : N = mkN ""Kuwait City"" ;"
http://www.wikidata.org/entity/Q1899,Q1899,Kyiv,Q1899_Kyiv,Q1899_Kyiv : CapitalCity ;,Q1899_Kyiv = mkNP Kyiv_N ;,"Kyiv_N : N = mkN ""Kyiv"" ;"
http://www.wikidata.org/entity/Q4120832,Q4120832,Königsberg,Q4120832_Konigsberg,Q4120832_Konigsberg : CapitalCity ;,Q4120832_Konigsberg = mkNP Konigsberg_N ;,"Konigsberg_N : N = mkN ""Königsberg"" ;"
http://www.wikidata.org/entity/Q1491,Q1491,La Paz,Q1491_La_Paz,Q1491_La_Paz : CapitalCity ;,Q1491_La_Paz = mkNP La_Paz_N ;,"La_Paz_N : N = mkN ""La Paz"" ;"
http://www.wikidata.org/entity/Q60379482,Q60379482,Laugram,Q60379482_Laugram,Q60379482_Laugram : CapitalCity ;,Q60379482_Laugram = mkNP Laugram_N ;,"Laugram_N : N = mkN ""Laugram"" ;"
http://www.wikidata.org/entity/Q3825,Q3825,Libreville,Q3825_Libreville,Q3825_Libreville : CapitalCity ;,Q3825_Libreville = mkNP Libreville_N ;,"Libreville_N : N = mkN ""Libreville"" ;"
http://www.wikidata.org/entity/Q3876,Q3876,Lilongwe,Q3876_Lilongwe,Q3876_Lilongwe : CapitalCity ;,Q3876_Lilongwe = mkNP Lilongwe_N ;,"Lilongwe_N : N = mkN ""Lilongwe"" ;"
http://www.wikidata.org/entity/Q2868,Q2868,Lima,Q2868_Lima,Q2868_Lima : CapitalCity ;,Q2868_Lima = mkNP Lima_N ;,"Lima_N : N = mkN ""Lima"" ;"
http://www.wikidata.org/entity/Q597,Q597,Lisbon,Q597_Lisbon,Q597_Lisbon : CapitalCity ;,Q597_Lisbon = mkNP Lisbon_N ;,"Lisbon_N : N = mkN ""Lisbon"" ;"
http://www.wikidata.org/entity/Q437,Q437,Ljubljana,Q437_Ljubljana,Q437_Ljubljana : CapitalCity ;,Q437_Ljubljana = mkNP Ljubljana_N ;,"Ljubljana_N : N = mkN ""Ljubljana"" ;"
http://www.wikidata.org/entity/Q101418,Q101418,Lobamba,Q101418_Lobamba,Q101418_Lobamba : CapitalCity ;,Q101418_Lobamba = mkNP Lobamba_N ;,"Lobamba_N : N = mkN ""Lobamba"" ;"
http://www.wikidata.org/entity/Q3792,Q3792,Lomé,Q3792_Lome,Q3792_Lome : CapitalCity ;,Q3792_Lome = mkNP Lome_N ;,"Lome_N : N = mkN ""Lomé"" ;"
http://www.wikidata.org/entity/Q84,Q84,London,Q84_London,Q84_London : CapitalCity ;,Q84_London = mkNP London_N ;,"London_N : N = mkN ""London"" ;"
http://www.wikidata.org/entity/Q3897,Q3897,Luanda,Q3897_Luanda,Q3897_Luanda : CapitalCity ;,Q3897_Luanda = mkNP Luanda_N ;,"Luanda_N : N = mkN ""Luanda"" ;"
http://www.wikidata.org/entity/Q3881,Q3881,Lusaka,Q3881_Lusaka,Q3881_Lusaka : CapitalCity ;,Q3881_Lusaka = mkNP Lusaka_N ;,"Lusaka_N : N = mkN ""Lusaka"" ;"
http://www.wikidata.org/entity/Q1842,Q1842,Luxembourg,Q1842_Luxembourg,Q1842_Luxembourg : CapitalCity ;,Q1842_Luxembourg = mkNP Luxembourg_N ;,"Luxembourg_N : N = mkN ""Luxembourg"" ;"
http://www.wikidata.org/entity/Q2807,Q2807,Madrid,Q2807_Madrid,Q2807_Madrid : CapitalCity ;,Q2807_Madrid = mkNP Madrid_N ;,"Madrid_N : N = mkN ""Madrid"" ;"
http://www.wikidata.org/entity/Q466054,Q466054,Mahdia,Q466054_Mahdia,Q466054_Mahdia : CapitalCity ;,Q466054_Mahdia = mkNP Mahdia_N ;,"Mahdia_N : N = mkN ""Mahdia"" ;"
http://www.wikidata.org/entity/Q12919,Q12919,Majuro,Q12919_Majuro,Q12919_Majuro : CapitalCity ;,Q12919_Majuro = mkNP Majuro_N ;,"Majuro_N : N = mkN ""Majuro"" ;"
http://www.wikidata.org/entity/Q3818,Q3818,Malabo,Q3818_Malabo,Q3818_Malabo : CapitalCity ;,Q3818_Malabo = mkNP Malabo_N ;,"Malabo_N : N = mkN ""Malabo"" ;"
http://www.wikidata.org/entity/Q9347,Q9347,Malé,Q9347_Male,Q9347_Male : CapitalCity ;,Q9347_Male = mkNP Male_N ;,"Male_N : N = mkN ""Malé"" ;"
http://www.wikidata.org/entity/Q3274,Q3274,Managua,Q3274_Managua,Q3274_Managua : CapitalCity ;,Q3274_Managua = mkNP Managua_N ;,"Managua_N : N = mkN ""Managua"" ;"
http://www.wikidata.org/entity/Q3882,Q3882,Manama,Q3882_Manama,Q3882_Manama : CapitalCity ;,Q3882_Manama = mkNP Manama_N ;,"Manama_N : N = mkN ""Manama"" ;"
http://www.wikidata.org/entity/Q1461,Q1461,Manila,Q1461_Manila,Q1461_Manila : CapitalCity ;,Q1461_Manila = mkNP Manila_N ;,"Manila_N : N = mkN ""Manila"" ;"
http://www.wikidata.org/entity/Q3889,Q3889,Maputo,Q3889_Maputo,Q3889_Maputo : CapitalCity ;,Q3889_Maputo = mkNP Maputo_N ;,"Maputo_N : N = mkN ""Maputo"" ;"
http://www.wikidata.org/entity/Q3909,Q3909,Maseru,Q3909_Maseru,Q3909_Maseru : CapitalCity ;,Q3909_Maseru = mkNP Maseru_N ;,"Maseru_N : N = mkN ""Maseru"" ;"
http://www.wikidata.org/entity/Q3904,Q3904,Mbabane,Q3904_Mbabane,Q3904_Mbabane : CapitalCity ;,Q3904_Mbabane = mkNP Mbabane_N ;,"Mbabane_N : N = mkN ""Mbabane"" ;"
http://www.wikidata.org/entity/Q1489,Q1489,Mexico City,Q1489_Mexico_City,Q1489_Mexico_City : CapitalCity ;,Q1489_Mexico_City = mkNP Mexico_City_N ;,"Mexico_City_N : N = mkN ""Mexico City"" ;"
http://www.wikidata.org/entity/Q5306051,Q5306051,Miccosukee,Q5306051_Miccosukee,Q5306051_Miccosukee : CapitalCity ;,Q5306051_Miccosukee = mkNP Miccosukee_N ;,"Miccosukee_N : N = mkN ""Miccosukee"" ;"
http://www.wikidata.org/entity/Q2280,Q2280,Minsk,Q2280_Minsk,Q2280_Minsk : CapitalCity ;,Q2280_Minsk = mkNP Minsk_N ;,"Minsk_N : N = mkN ""Minsk"" ;"
http://www.wikidata.org/entity/Q2449,Q2449,Mogadishu,Q2449_Mogadishu,Q2449_Mogadishu : CapitalCity ;,Q2449_Mogadishu = mkNP Mogadishu_N ;,"Mogadishu_N : N = mkN ""Mogadishu"" ;"
http://www.wikidata.org/entity/Q3748,Q3748,Monrovia,Q3748_Monrovia,Q3748_Monrovia : CapitalCity ;,Q3748_Monrovia = mkNP Monrovia_N ;,"Monrovia_N : N = mkN ""Monrovia"" ;"
http://www.wikidata.org/entity/Q1335,Q1335,Montevideo,Q1335_Montevideo,Q1335_Montevideo : CapitalCity ;,Q1335_Montevideo = mkNP Montevideo_N ;,"Montevideo_N : N = mkN ""Montevideo"" ;"
http://www.wikidata.org/entity/Q3901,Q3901,Moroni,Q3901_Moroni,Q3901_Moroni : CapitalCity ;,Q3901_Moroni = mkNP Moroni_N ;,"Moroni_N : N = mkN ""Moroni"" ;"
http://www.wikidata.org/entity/Q649,Q649,Moscow,Q649_Moscow,Q649_Moscow : CapitalCity ;,Q649_Moscow = mkNP Moscow_N ;,"Moscow_N : N = mkN ""Moscow"" ;"
http://www.wikidata.org/entity/Q3826,Q3826,Muscat,Q3826_Muscat,Q3826_Muscat : CapitalCity ;,Q3826_Muscat = mkNP Muscat_N ;,"Muscat_N : N = mkN ""Muscat"" ;"
http://www.wikidata.org/entity/Q3659,Q3659,N'Djamena,Q3659_NDjamena,Q3659_NDjamena : CapitalCity ;,Q3659_NDjamena = mkNP NDjamena_N ;,"NDjamena_N : N = mkN ""N'Djamena"" ;"
http://www.wikidata.org/entity/Q3870,Q3870,Nairobi,Q3870_Nairobi,Q3870_Nairobi : CapitalCity ;,Q3870_Nairobi = mkNP Nairobi_N ;,"Nairobi_N : N = mkN ""Nairobi"" ;"
http://www.wikidata.org/entity/Q2467,Q2467,Nassau,Q2467_Nassau,Q2467_Nassau : CapitalCity ;,Q2467_Nassau = mkNP Nassau_N ;,"Nassau_N : N = mkN ""Nassau"" ;"
http://www.wikidata.org/entity/Q37400,Q37400,Naypyidaw,Q37400_Naypyidaw,Q37400_Naypyidaw : CapitalCity ;,Q37400_Naypyidaw = mkNP Naypyidaw_N ;,"Naypyidaw_N : N = mkN ""Naypyidaw"" ;"
http://www.wikidata.org/entity/Q987,Q987,New Delhi,Q987_New_Delhi,Q987_New_Delhi : CapitalCity ;,Q987_New_Delhi = mkNP New_Delhi_N ;,"New_Delhi_N : N = mkN ""New Delhi"" ;"
http://www.wikidata.org/entity/Q515229,Q515229,Ngerulmud,Q515229_Ngerulmud,Q515229_Ngerulmud : CapitalCity ;,Q515229_Ngerulmud = mkNP Ngerulmud_N ;,"Ngerulmud_N : N = mkN ""Ngerulmud"" ;"
http://www.wikidata.org/entity/Q3674,Q3674,Niamey,Q3674_Niamey,Q3674_Niamey : CapitalCity ;,Q3674_Niamey = mkNP Niamey_N ;,"Niamey_N : N = mkN ""Niamey"" ;"
http://www.wikidata.org/entity/Q3856,Q3856,Nicosia,Q3856_Nicosia,Q3856_Nicosia : CapitalCity ;,Q3856_Nicosia = mkNP Nicosia_N ;,"Nicosia_N : N = mkN ""Nicosia"" ;"
http://www.wikidata.org/entity/Q3688,Q3688,Nouakchott,Q3688_Nouakchott,Q3688_Nouakchott : CapitalCity ;,Q3688_Nouakchott = mkNP Nouakchott_N ;,"Nouakchott_N : N = mkN ""Nouakchott"" ;"
http://www.wikidata.org/entity/Q38834,Q38834,Nukuʻalofa,Q38834_Nukualofa,Q38834_Nukualofa : CapitalCity ;,Q38834_Nukualofa = mkNP Nukualofa_N ;,"Nukualofa_N : N = mkN ""Nukuʻalofa"" ;"
http://www.wikidata.org/entity/Q226,Q226,Nuuk,Q226_Nuuk,Q226_Nuuk : CapitalCity ;,Q226_Nuuk = mkNP Nuuk_N ;,"Nuuk_N : N = mkN ""Nuuk"" ;"
http://www.wikidata.org/entity/Q131243,Q131243,Oranjestad,Q131243_Oranjestad,Q131243_Oranjestad : CapitalCity ;,Q131243_Oranjestad = mkNP Oranjestad_N ;,"Oranjestad_N : N = mkN ""Oranjestad"" ;"
http://www.wikidata.org/entity/Q585,Q585,Oslo,Q585_Oslo,Q585_Oslo : CapitalCity ;,Q585_Oslo = mkNP Oslo_N ;,"Oslo_N : N = mkN ""Oslo"" ;"
http://www.wikidata.org/entity/Q1930,Q1930,Ottawa,Q1930_Ottawa,Q1930_Ottawa : CapitalCity ;,Q1930_Ottawa = mkNP Ottawa_N ;,"Ottawa_N : N = mkN ""Ottawa"" ;"
http://www.wikidata.org/entity/Q3777,Q3777,Ouagadougou,Q3777_Ouagadougou,Q3777_Ouagadougou : CapitalCity ;,Q3777_Ouagadougou = mkNP Ouagadougou_N ;,"Ouagadougou_N : N = mkN ""Ouagadougou"" ;"
http://www.wikidata.org/entity/Q42751,Q42751,Palikir,Q42751_Palikir,Q42751_Palikir : CapitalCity ;,Q42751_Palikir = mkNP Palikir_N ;,"Palikir_N : N = mkN ""Palikir"" ;"
http://www.wikidata.org/entity/Q3306,Q3306,Panama City,Q3306_Panama_City,Q3306_Panama_City : CapitalCity ;,Q3306_Panama_City = mkNP Panama_City_N ;,"Panama_City_N : N = mkN ""Panama City"" ;"
http://www.wikidata.org/entity/Q3001,Q3001,Paramaribo,Q3001_Paramaribo,Q3001_Paramaribo : CapitalCity ;,Q3001_Paramaribo = mkNP Paramaribo_N ;,"Paramaribo_N : N = mkN ""Paramaribo"" ;"
http://www.wikidata.org/entity/Q90,Q90,Paris,Q90_Paris,Q90_Paris : CapitalCity ;,Q90_Paris = mkNP Paris_N ;,"Paris_N : N = mkN ""Paris"" ;"
http://www.wikidata.org/entity/Q30958,Q30958,Philipsburg,Q30958_Philipsburg,Q30958_Philipsburg : CapitalCity ;,Q30958_Philipsburg = mkNP Philipsburg_N ;,"Philipsburg_N : N = mkN ""Philipsburg"" ;"
http://www.wikidata.org/entity/Q1850,Q1850,Phnom Penh,Q1850_Phnom_Penh,Q1850_Phnom_Penh : CapitalCity ;,Q1850_Phnom_Penh = mkNP Phnom_Penh_N ;,"Phnom_Penh_N : N = mkN ""Phnom Penh"" ;"
http://www.wikidata.org/entity/Q23564,Q23564,Podgorica,Q23564_Podgorica,Q23564_Podgorica : CapitalCity ;,Q23564_Podgorica = mkNP Podgorica_N ;,"Podgorica_N : N = mkN ""Podgorica"" ;"
http://www.wikidata.org/entity/Q3929,Q3929,Port Louis,Q3929_Port_Louis,Q3929_Port_Louis : CapitalCity ;,Q3929_Port_Louis = mkNP Port_Louis_N ;,"Port_Louis_N : N = mkN ""Port Louis"" ;"
http://www.wikidata.org/entity/Q36526,Q36526,Port Moresby,Q36526_Port_Moresby,Q36526_Port_Moresby : CapitalCity ;,Q36526_Port_Moresby = mkNP Port_Moresby_N ;,"Port_Moresby_N : N = mkN ""Port Moresby"" ;"
http://www.wikidata.org/entity/Q37806,Q37806,Port Vila,Q37806_Port_Vila,Q37806_Port_Vila : CapitalCity ;,Q37806_Port_Vila = mkNP Port_Vila_N ;,"Port_Vila_N : N = mkN ""Port Vila"" ;"
http://www.wikidata.org/entity/Q39178,Q39178,Port of Spain,Q39178_Port_of_Spain,Q39178_Port_of_Spain : CapitalCity ;,Q39178_Port_of_Spain = mkNP Port_of_Spain_N ;,"Port_of_Spain_N : N = mkN ""Port of Spain"" ;"
http://www.wikidata.org/entity/Q34261,Q34261,Port-au-Prince,Q34261_Port_au_Prince,Q34261_Port_au_Prince : CapitalCity ;,Q34261_Port_au_Prince = mkNP Port_au_Prince_N ;,"Port_au_Prince_N : N = mkN ""Port-au-Prince"" ;"
http://www.wikidata.org/entity/Q3799,Q3799,Porto-Novo,Q3799_Porto_Novo,Q3799_Porto_Novo : CapitalCity ;,Q3799_Porto_Novo = mkNP Porto_Novo_N ;,"Porto_Novo_N : N = mkN ""Porto-Novo"" ;"
http://www.wikidata.org/entity/Q1085,Q1085,Prague,Q1085_Prague,Q1085_Prague : CapitalCity ;,Q1085_Prague = mkNP Prague_N ;,"Prague_N : N = mkN ""Prague"" ;"
http://www.wikidata.org/entity/Q3751,Q3751,Praia,Q3751_Praia,Q3751_Praia : CapitalCity ;,Q3751_Praia = mkNP Praia_N ;,"Praia_N : N = mkN ""Praia"" ;"
http://www.wikidata.org/entity/Q3926,Q3926,Pretoria,Q3926_Pretoria,Q3926_Pretoria : CapitalCity ;,Q3926_Pretoria = mkNP Pretoria_N ;,"Pretoria_N : N = mkN ""Pretoria"" ;"
http://www.wikidata.org/entity/Q25270,Q25270,Pristina,Q25270_Pristina,Q25270_Pristina : CapitalCity ;,Q25270_Pristina = mkNP Pristina_N ;,"Pristina_N : N = mkN ""Pristina"" ;"
http://www.wikidata.org/entity/Q18808,Q18808,Pyongyang,Q18808_Pyongyang,Q18808_Pyongyang : CapitalCity ;,Q18808_Pyongyang = mkNP Pyongyang_N ;,"Pyongyang_N : N = mkN ""Pyongyang"" ;"
http://www.wikidata.org/entity/Q2900,Q2900,Quito,Q2900_Quito,Q2900_Quito : CapitalCity ;,Q2900_Quito = mkNP Quito_N ;,"Quito_N : N = mkN ""Quito"" ;"
http://www.wikidata.org/entity/Q3551,Q3551,Rabat,Q3551_Rabat,Q3551_Rabat : CapitalCity ;,Q3551_Rabat = mkNP Rabat_N ;,"Rabat_N : N = mkN ""Rabat"" ;"
http://www.wikidata.org/entity/Q158119,Q158119,Ramallah,Q158119_Ramallah,Q158119_Ramallah : CapitalCity ;,Q158119_Ramallah = mkNP Ramallah_N ;,"Ramallah_N : N = mkN ""Ramallah"" ;"
http://www.wikidata.org/entity/Q1764,Q1764,Reykjavík,Q1764_Reykjavik,Q1764_Reykjavik : CapitalCity ;,Q1764_Reykjavik = mkNP Reykjavik_N ;,"Reykjavik_N : N = mkN ""Reykjavík"" ;"
http://www.wikidata.org/entity/Q322361,Q322361,Ribe,Q322361_Ribe,Q322361_Ribe : CapitalCity ;,Q322361_Ribe = mkNP Ribe_N ;,"Ribe_N : N = mkN ""Ribe"" ;"
http://www.wikidata.org/entity/Q1773,Q1773,Riga,Q1773_Riga,Q1773_Riga : CapitalCity ;,Q1773_Riga = mkNP Riga_N ;,"Riga_N : N = mkN ""Riga"" ;"
http://www.wikidata.org/entity/Q3692,Q3692,Riyadh,Q3692_Riyadh,Q3692_Riyadh : CapitalCity ;,Q3692_Riyadh = mkNP Riyadh_N ;,"Riyadh_N : N = mkN ""Riyadh"" ;"
http://www.wikidata.org/entity/Q33687,Q33687,Rohri,Q33687_Rohri,Q33687_Rohri : CapitalCity ;,Q33687_Rohri = mkNP Rohri_N ;,"Rohri_N : N = mkN ""Rohri"" ;"
http://www.wikidata.org/entity/Q220,Q220,Rome,Q220_Rome,Q220_Rome : CapitalCity ;,Q220_Rome = mkNP Rome_N ;,"Rome_N : N = mkN ""Rome"" ;"
http://www.wikidata.org/entity/Q36281,Q36281,Roseau,Q36281_Roseau,Q36281_Roseau : CapitalCity ;,Q36281_Roseau = mkNP Roseau_N ;,"Roseau_N : N = mkN ""Roseau"" ;"
http://www.wikidata.org/entity/Q36262,Q36262,Saint John's,Q36262_Saint_Johns,Q36262_Saint_Johns : CapitalCity ;,Q36262_Saint_Johns = mkNP Saint_Johns_N ;,"Saint_Johns_N : N = mkN ""Saint John's"" ;"
http://www.wikidata.org/entity/Q3070,Q3070,San José,Q3070_San_Jose,Q3070_San_Jose : CapitalCity ;,Q3070_San_Jose = mkNP San_Jose_N ;,"San_Jose_N : N = mkN ""San José"" ;"
http://www.wikidata.org/entity/Q2884047,Q2884047,San Marcos de Apalache Historic State Park,Q2884047_San_Marcos_de_Apalache_Historic_State_Park,Q2884047_San_Marcos_de_Apalache_Historic_State_Park : CapitalCity ;,Q2884047_San_Marcos_de_Apalache_Historic_State_Park = mkNP San_Marcos_de_Apalache_Historic_State_Park_N ;,"San_Marcos_de_Apalache_Historic_State_Park_N : N = mkN ""San Marcos de Apalache Historic State Park"" ;"
http://www.wikidata.org/entity/Q1848,Q1848,San Marino,Q1848_San_Marino,Q1848_San_Marino : CapitalCity ;,Q1848_San_Marino = mkNP San_Marino_N ;,"San_Marino_N : N = mkN ""San Marino"" ;"
http://www.wikidata.org/entity/Q3110,Q3110,San Salvador,Q3110_San_Salvador,Q3110_San_Salvador : CapitalCity ;,Q3110_San_Salvador = mkNP San_Salvador_N ;,"San_Salvador_N : N = mkN ""San Salvador"" ;"
http://www.wikidata.org/entity/Q2471,Q2471,Sanaa,Q2471_Sanaa,Q2471_Sanaa : CapitalCity ;,Q2471_Sanaa = mkNP Sanaa_N ;,"Sanaa_N : N = mkN ""Sanaa"" ;"
http://www.wikidata.org/entity/Q2887,Q2887,Santiago,Q2887_Santiago,Q2887_Santiago : CapitalCity ;,Q2887_Santiago = mkNP Santiago_N ;,"Santiago_N : N = mkN ""Santiago"" ;"
http://www.wikidata.org/entity/Q34820,Q34820,Santo Domingo,Q34820_Santo_Domingo,Q34820_Santo_Domingo : CapitalCity ;,Q34820_Santo_Domingo = mkNP Santo_Domingo_N ;,"Santo_Domingo_N : N = mkN ""Santo Domingo"" ;"
http://www.wikidata.org/entity/Q11194,Q11194,Sarajevo,Q11194_Sarajevo,Q11194_Sarajevo : CapitalCity ;,Q11194_Sarajevo = mkNP Sarajevo_N ;,"Sarajevo_N : N = mkN ""Sarajevo"" ;"
http://www.wikidata.org/entity/Q269808,Q269808,Seborga,Q269808_Seborga,Q269808_Seborga : CapitalCity ;,Q269808_Seborga = mkNP Seborga_N ;,"Seborga_N : N = mkN ""Seborga"" ;"
http://www.wikidata.org/entity/Q8684,Q8684,Seoul,Q8684_Seoul,Q8684_Seoul : CapitalCity ;,Q8684_Seoul = mkNP Seoul_N ;,"Seoul_N : N = mkN ""Seoul"" ;"
http://www.wikidata.org/entity/Q608415,Q608415,Shuri,Q608415_Shuri,Q608415_Shuri : CapitalCity ;,Q608415_Shuri = mkNP Shuri_N ;,"Shuri_N : N = mkN ""Shuri"" ;"
http://www.wikidata.org/entity/Q334,Q334,Singapore,Q334_Singapore,Q334_Singapore : CapitalCity ;,Q334_Singapore = mkNP Singapore_N ;,"Singapore_N : N = mkN ""Singapore"" ;"
http://www.wikidata.org/entity/Q384,Q384,Skopje,Q384_Skopje,Q384_Skopje : CapitalCity ;,Q384_Skopje = mkNP Skopje_N ;,"Skopje_N : N = mkN ""Skopje"" ;"
http://www.wikidata.org/entity/Q472,Q472,Sofia,Q472_Sofia,Q472_Sofia : CapitalCity ;,Q472_Sofia = mkNP Sofia_N ;,"Sofia_N : N = mkN ""Sofia"" ;"
http://www.wikidata.org/entity/Q131233,Q131233,South Tarawa,Q131233_South_Tarawa,Q131233_South_Tarawa : CapitalCity ;,Q131233_South_Tarawa = mkNP South_Tarawa_N ;,"South_Tarawa_N : N = mkN ""South Tarawa"" ;"
http://www.wikidata.org/entity/Q41963,Q41963,Sri Jayawardenepura Kotte,Q41963_Sri_Jayawardenepura_Kotte,Q41963_Sri_Jayawardenepura_Kotte : CapitalCity ;,Q41963_Sri_Jayawardenepura_Kotte = mkNP Sri_Jayawardenepura_Kotte_N ;,"Sri_Jayawardenepura_Kotte_N : N = mkN ""Sri Jayawardenepura Kotte"" ;"
http://www.wikidata.org/entity/Q41547,Q41547,St. George's,Q41547_St_Georges,Q41547_St_Georges : CapitalCity ;,Q41547_St_Georges = mkNP St_Georges_N ;,"St_Georges_N : N = mkN ""St. George's"" ;"
http://www.wikidata.org/entity/Q1754,Q1754,Stockholm,Q1754_Stockholm,Q1754_Stockholm : CapitalCity ;,Q1754_Stockholm = mkNP Stockholm_N ;,"Stockholm_N : N = mkN ""Stockholm"" ;"
http://www.wikidata.org/entity/Q2907,Q2907,Sucre,Q2907_Sucre,Q2907_Sucre : CapitalCity ;,Q2907_Sucre = mkNP Sucre_N ;,"Sucre_N : N = mkN ""Sucre"" ;"
http://www.wikidata.org/entity/Q180773,Q180773,Susa,Q180773_Susa,Q180773_Susa : CapitalCity ;,Q180773_Susa = mkNP Susa_N ;,"Susa_N : N = mkN ""Susa"" ;"
http://www.wikidata.org/entity/Q38807,Q38807,Suva,Q38807_Suva,Q38807_Suva : CapitalCity ;,Q38807_Suva = mkNP Suva_N ;,"Suva_N : N = mkN ""Suva"" ;"
http://www.wikidata.org/entity/Q3932,Q3932,São Tomé,Q3932_Sao_Tome,Q3932_Sao_Tome : CapitalCity ;,Q3932_Sao_Tome = mkNP Sao_Tome_N ;,"Sao_Tome_N : N = mkN ""São Tomé"" ;"
http://www.wikidata.org/entity/Q16078002,Q16078002,Tainan Prefecture,Q16078002_Tainan_Prefecture,Q16078002_Tainan_Prefecture : CapitalCity ;,Q16078002_Tainan_Prefecture = mkNP Tainan_Prefecture_N ;,"Tainan_Prefecture_N : N = mkN ""Tainan Prefecture"" ;"
http://www.wikidata.org/entity/Q1867,Q1867,Taipei,Q1867_Taipei,Q1867_Taipei : CapitalCity ;,Q1867_Taipei = mkNP Taipei_N ;,"Taipei_N : N = mkN ""Taipei"" ;"
http://www.wikidata.org/entity/Q15935383,Q15935383,Taipei Prefecture,Q15935383_Taipei_Prefecture,Q15935383_Taipei_Prefecture : CapitalCity ;,Q15935383_Taipei_Prefecture = mkNP Taipei_Prefecture_N ;,"Taipei_Prefecture_N : N = mkN ""Taipei Prefecture"" ;"
http://www.wikidata.org/entity/Q1770,Q1770,Tallinn,Q1770_Tallinn,Q1770_Tallinn : CapitalCity ;,Q1770_Tallinn = mkNP Tallinn_N ;,"Tallinn_N : N = mkN ""Tallinn"" ;"
http://www.wikidata.org/entity/Q2486,Q2486,Tarawa,Q2486_Tarawa,Q2486_Tarawa : CapitalCity ;,Q2486_Tarawa = mkNP Tarawa_N ;,"Tarawa_N : N = mkN ""Tarawa"" ;"
http://www.wikidata.org/entity/Q269,Q269,Tashkent,Q269_Tashkent,Q269_Tashkent : CapitalCity ;,Q269_Tashkent = mkNP Tashkent_N ;,"Tashkent_N : N = mkN ""Tashkent"" ;"
http://www.wikidata.org/entity/Q994,Q994,Tbilisi,Q994_Tbilisi,Q994_Tbilisi : CapitalCity ;,Q994_Tbilisi = mkNP Tbilisi_N ;,"Tbilisi_N : N = mkN ""Tbilisi"" ;"
http://www.wikidata.org/entity/Q3238,Q3238,Tegucigalpa,Q3238_Tegucigalpa,Q3238_Tegucigalpa : CapitalCity ;,Q3238_Tegucigalpa = mkNP Tegucigalpa_N ;,"Tegucigalpa_N : N = mkN ""Tegucigalpa"" ;"
http://www.wikidata.org/entity/Q3616,Q3616,Tehran,Q3616_Tehran,Q3616_Tehran : CapitalCity ;,Q3616_Tehran = mkNP Tehran_N ;,"Tehran_N : N = mkN ""Tehran"" ;"
http://www.wikidata.org/entity/Q9270,Q9270,Thimphu,Q9270_Thimphu,Q9270_Thimphu : CapitalCity ;,Q9270_Thimphu = mkNP Thimphu_N ;,"Thimphu_N : N = mkN ""Thimphu"" ;"
http://www.wikidata.org/entity/Q19689,Q19689,Tirana,Q19689_Tirana,Q19689_Tirana : CapitalCity ;,Q19689_Tirana = mkNP Tirana_N ;,"Tirana_N : N = mkN ""Tirana"" ;"
http://www.wikidata.org/entity/Q132572,Q132572,Tiraspol,Q132572_Tiraspol,Q132572_Tiraspol : CapitalCity ;,Q132572_Tiraspol = mkNP Tiraspol_N ;,"Tiraspol_N : N = mkN ""Tiraspol"" ;"
http://www.wikidata.org/entity/Q1490,Q1490,Tokyo,Q1490_Tokyo,Q1490_Tokyo : CapitalCity ;,Q1490_Tokyo = mkNP Tokyo_N ;,"Tokyo_N : N = mkN ""Tokyo"" ;"
http://www.wikidata.org/entity/Q3579,Q3579,Tripoli,Q3579_Tripoli,Q3579_Tripoli : CapitalCity ;,Q3579_Tripoli = mkNP Tripoli_N ;,"Tripoli_N : N = mkN ""Tripoli"" ;"
http://www.wikidata.org/entity/Q79863,Q79863,Tskhinvali,Q79863_Tskhinvali,Q79863_Tskhinvali : CapitalCity ;,Q79863_Tskhinvali = mkNP Tskhinvali_N ;,"Tskhinvali_N : N = mkN ""Tskhinvali"" ;"
http://www.wikidata.org/entity/Q3572,Q3572,Tunis,Q3572_Tunis,Q3572_Tunis : CapitalCity ;,Q3572_Tunis = mkNP Tunis_N ;,"Tunis_N : N = mkN ""Tunis"" ;"
http://www.wikidata.org/entity/Q10704,Q10704,Tórshavn,Q10704_Torshavn,Q10704_Torshavn : CapitalCity ;,Q10704_Torshavn = mkNP Torshavn_N ;,"Torshavn_N : N = mkN ""Tórshavn"" ;"
http://www.wikidata.org/entity/Q23430,Q23430,Ulaanbaatar,Q23430_Ulaanbaatar,Q23430_Ulaanbaatar : CapitalCity ;,Q23430_Ulaanbaatar = mkNP Ulaanbaatar_N ;,"Ulaanbaatar_N : N = mkN ""Ulaanbaatar"" ;"
http://www.wikidata.org/entity/Q1844,Q1844,Vaduz,Q1844_Vaduz,Q1844_Vaduz : CapitalCity ;,Q1844_Vaduz = mkNP Vaduz_N ;,"Vaduz_N : N = mkN ""Vaduz"" ;"
http://www.wikidata.org/entity/Q23800,Q23800,Valletta,Q23800_Valletta,Q23800_Valletta : CapitalCity ;,Q23800_Valletta = mkNP Valletta_N ;,"Valletta_N : N = mkN ""Valletta"" ;"
http://www.wikidata.org/entity/Q3940,Q3940,Victoria,Q3940_Victoria,Q3940_Victoria : CapitalCity ;,Q3940_Victoria = mkNP Victoria_N ;,"Victoria_N : N = mkN ""Victoria"" ;"
http://www.wikidata.org/entity/Q1741,Q1741,Vienna,Q1741_Vienna,Q1741_Vienna : CapitalCity ;,Q1741_Vienna = mkNP Vienna_N ;,"Vienna_N : N = mkN ""Vienna"" ;"
http://www.wikidata.org/entity/Q9326,Q9326,Vientiane,Q9326_Vientiane,Q9326_Vientiane : CapitalCity ;,Q9326_Vientiane = mkNP Vientiane_N ;,"Vientiane_N : N = mkN ""Vientiane"" ;"
http://www.wikidata.org/entity/Q216,Q216,Vilnius,Q216_Vilnius,Q216_Vilnius : CapitalCity ;,Q216_Vilnius = mkNP Vilnius_N ;,"Vilnius_N : N = mkN ""Vilnius"" ;"
http://www.wikidata.org/entity/Q270,Q270,Warsaw,Q270_Warsaw,Q270_Warsaw : CapitalCity ;,Q270_Warsaw = mkNP Warsaw_N ;,"Warsaw_N : N = mkN ""Warsaw"" ;"
http://www.wikidata.org/entity/Q61,Q61,"Washington, D.C.",Q61_Washington_DC,Q61_Washington_DC : CapitalCity ;,Q61_Washington_DC = mkNP Washington_DC_N ;,"Washington_DC_N : N = mkN ""Washington, D.C."" ;"
http://www.wikidata.org/entity/Q23661,Q23661,Wellington,Q23661_Wellington,Q23661_Wellington : CapitalCity ;,Q23661_Wellington = mkNP Wellington_N ;,"Wellington_N : N = mkN ""Wellington"" ;"
http://www.wikidata.org/entity/Q3935,Q3935,Windhoek,Q3935_Windhoek,Q3935_Windhoek : CapitalCity ;,Q3935_Windhoek = mkNP Windhoek_N ;,"Windhoek_N : N = mkN ""Windhoek"" ;"
http://www.wikidata.org/entity/Q42757437,Q42757437,World Headquarters of the Bektashi,Q42757437_World_Headquarters_of_the_Bektashi,Q42757437_World_Headquarters_of_the_Bektashi : CapitalCity ;,Q42757437_World_Headquarters_of_the_Bektashi = mkNP World_Headquarters_of_the_Bektashi_N ;,"World_Headquarters_of_the_Bektashi_N : N = mkN ""World Headquarters of the Bektashi"" ;"
http://www.wikidata.org/entity/Q3768,Q3768,Yamoussoukro,Q3768_Yamoussoukro,Q3768_Yamoussoukro : CapitalCity ;,Q3768_Yamoussoukro = mkNP Yamoussoukro_N ;,"Yamoussoukro_N : N = mkN ""Yamoussoukro"" ;"
http://www.wikidata.org/entity/Q3808,Q3808,Yaoundé,Q3808_Yaounde,Q3808_Yaounde : CapitalCity ;,Q3808_Yaounde = mkNP Yaounde_N ;,"Yaounde_N : N = mkN ""Yaoundé"" ;"
http://www.wikidata.org/entity/Q31026,Q31026,Yaren District,Q31026_Yaren_District,Q31026_Yaren_District : CapitalCity ;,Q31026_Yaren_District = mkNP Yaren_District_N ;,"Yaren_District_N : N = mkN ""Yaren District"" ;"
http://www.wikidata.org/entity/Q1953,Q1953,Yerevan,Q1953_Yerevan,Q1953_Yerevan : CapitalCity ;,Q1953_Yerevan = mkNP Yerevan_N ;,"Yerevan_N : N = mkN ""Yerevan"" ;"
http://www.wikidata.org/entity/Q1435,Q1435,Zagreb,Q1435_Zagreb,Q1435_Zagreb : CapitalCity ;,Q1435_Zagreb = mkNP Zagreb_N ;,"Zagreb_N : N = mkN ""Zagreb"" ;"
