currency,entity id,currencyLabel_en,function name,abstract line,eng concrete line,eng lexicon line
http://www.wikidata.org/entity/Q125999,Q125999,Albanian lek,Q125999_Albanian_lek,Q125999_Albanian_lek : Currency ;,Q125999_Albanian_lek = mkNP Albanian_lek_N ;,"Albanian_lek_N : N = mkN ""Albanian lek"" ;"
http://www.wikidata.org/entity/Q199674,Q199674,Algerian dinar,Q199674_Algerian_dinar,Q199674_Algerian_dinar : Currency ;,Q199674_Algerian_dinar = mkNP Algerian_dinar_N ;,"Algerian_dinar_N : N = mkN ""Algerian dinar"" ;"
http://www.wikidata.org/entity/Q199578,Q199578,Argentine convertible peso,Q199578_Argentine_convertible_peso,Q199578_Argentine_convertible_peso : Currency ;,Q199578_Argentine_convertible_peso = mkNP Argentine_convertible_peso_N ;,"Argentine_convertible_peso_N : N = mkN ""Argentine convertible peso"" ;"
http://www.wikidata.org/entity/Q130498,Q130498,Armenian dram,Q130498_Armenian_dram,Q130498_Armenian_dram : Currency ;,Q130498_Armenian_dram = mkNP Armenian_dram_N ;,"Armenian_dram_N : N = mkN ""Armenian dram"" ;"
http://www.wikidata.org/entity/Q232270,Q232270,Aruban florin,Q232270_Aruban_florin,Q232270_Aruban_florin : Currency ;,Q232270_Aruban_florin = mkNP Aruban_florin_N ;,"Aruban_florin_N : N = mkN ""Aruban florin"" ;"
http://www.wikidata.org/entity/Q259502,Q259502,Australian dollar,Q259502_Australian_dollar,Q259502_Australian_dollar : Currency ;,Q259502_Australian_dollar = mkNP Australian_dollar_N ;,"Australian_dollar_N : N = mkN ""Australian dollar"" ;"
http://www.wikidata.org/entity/Q483725,Q483725,Azerbaijani manat,Q483725_Azerbaijani_manat,Q483725_Azerbaijani_manat : Currency ;,Q483725_Azerbaijani_manat = mkNP Azerbaijani_manat_N ;,"Azerbaijani_manat_N : N = mkN ""Azerbaijani manat"" ;"
http://www.wikidata.org/entity/Q194339,Q194339,Bahamian dollar,Q194339_Bahamian_dollar,Q194339_Bahamian_dollar : Currency ;,Q194339_Bahamian_dollar = mkNP Bahamian_dollar_N ;,"Bahamian_dollar_N : N = mkN ""Bahamian dollar"" ;"
http://www.wikidata.org/entity/Q201871,Q201871,Bahraini dinar,Q201871_Bahraini_dinar,Q201871_Bahraini_dinar : Currency ;,Q201871_Bahraini_dinar = mkNP Bahraini_dinar_N ;,"Bahraini_dinar_N : N = mkN ""Bahraini dinar"" ;"
http://www.wikidata.org/entity/Q194453,Q194453,Bangladeshi taka,Q194453_Bangladeshi_taka,Q194453_Bangladeshi_taka : Currency ;,Q194453_Bangladeshi_taka = mkNP Bangladeshi_taka_N ;,"Bangladeshi_taka_N : N = mkN ""Bangladeshi taka"" ;"
http://www.wikidata.org/entity/Q194351,Q194351,Barbadian dollar,Q194351_Barbadian_dollar,Q194351_Barbadian_dollar : Currency ;,Q194351_Barbadian_dollar = mkNP Barbadian_dollar_N ;,"Barbadian_dollar_N : N = mkN ""Barbadian dollar"" ;"
http://www.wikidata.org/entity/Q21531507,Q21531507,Belarusian ruble,Q21531507_Belarusian_ruble,Q21531507_Belarusian_ruble : Currency ;,Q21531507_Belarusian_ruble = mkNP Belarusian_ruble_N ;,"Belarusian_ruble_N : N = mkN ""Belarusian ruble"" ;"
http://www.wikidata.org/entity/Q275112,Q275112,Belize dollar,Q275112_Belize_dollar,Q275112_Belize_dollar : Currency ;,Q275112_Belize_dollar = mkNP Belize_dollar_N ;,"Belize_dollar_N : N = mkN ""Belize dollar"" ;"
http://www.wikidata.org/entity/Q186794,Q186794,Botswana pula,Q186794_Botswana_pula,Q186794_Botswana_pula : Currency ;,Q186794_Botswana_pula = mkNP Botswana_pula_N ;,"Botswana_pula_N : N = mkN ""Botswana pula"" ;"
http://www.wikidata.org/entity/Q173117,Q173117,Brazilian real,Q173117_Brazilian_real,Q173117_Brazilian_real : Currency ;,Q173117_Brazilian_real = mkNP Brazilian_real_N ;,"Brazilian_real_N : N = mkN ""Brazilian real"" ;"
http://www.wikidata.org/entity/Q206319,Q206319,Brunei dollar,Q206319_Brunei_dollar,Q206319_Brunei_dollar : Currency ;,Q206319_Brunei_dollar = mkNP Brunei_dollar_N ;,"Brunei_dollar_N : N = mkN ""Brunei dollar"" ;"
http://www.wikidata.org/entity/Q172540,Q172540,Bulgarian lev,Q172540_Bulgarian_lev,Q172540_Bulgarian_lev : Currency ;,Q172540_Bulgarian_lev = mkNP Bulgarian_lev_N ;,"Bulgarian_lev_N : N = mkN ""Bulgarian lev"" ;"
http://www.wikidata.org/entity/Q238007,Q238007,Burundian franc,Q238007_Burundian_franc,Q238007_Burundian_franc : Currency ;,Q238007_Burundian_franc = mkNP Burundian_franc_N ;,"Burundian_franc_N : N = mkN ""Burundian franc"" ;"
http://www.wikidata.org/entity/Q214393,Q214393,CFP Franc,Q214393_CFP_Franc,Q214393_CFP_Franc : Currency ;,Q214393_CFP_Franc = mkNP CFP_Franc_N ;,"CFP_Franc_N : N = mkN ""CFP Franc"" ;"
http://www.wikidata.org/entity/Q1104069,Q1104069,Canadian dollar,Q1104069_Canadian_dollar,Q1104069_Canadian_dollar : Currency ;,Q1104069_Canadian_dollar = mkNP Canadian_dollar_N ;,"Canadian_dollar_N : N = mkN ""Canadian dollar"" ;"
http://www.wikidata.org/entity/Q4591,Q4591,Cape Verdean escudo,Q4591_Cape_Verdean_escudo,Q4591_Cape_Verdean_escudo : Currency ;,Q4591_Cape_Verdean_escudo = mkNP Cape_Verdean_escudo_N ;,"Cape_Verdean_escudo_N : N = mkN ""Cape Verdean escudo"" ;"
http://www.wikidata.org/entity/Q847739,Q847739,Central African CFA franc,Q847739_Central_African_CFA_franc,Q847739_Central_African_CFA_franc : Currency ;,Q847739_Central_African_CFA_franc = mkNP Central_African_CFA_franc_N ;,"Central_African_CFA_franc_N : N = mkN ""Central African CFA franc"" ;"
http://www.wikidata.org/entity/Q200050,Q200050,Chilean peso,Q200050_Chilean_peso,Q200050_Chilean_peso : Currency ;,Q200050_Chilean_peso = mkNP Chilean_peso_N ;,"Chilean_peso_N : N = mkN ""Chilean peso"" ;"
http://www.wikidata.org/entity/Q19953480,Q19953480,Chūzan Tsūhō,Q19953480_Chuzan_Tsuho,Q19953480_Chuzan_Tsuho : Currency ;,Q19953480_Chuzan_Tsuho = mkNP Chuzan_Tsuho_N ;,"Chuzan_Tsuho_N : N = mkN ""Chūzan Tsūhō"" ;"
http://www.wikidata.org/entity/Q244819,Q244819,Colombian peso,Q244819_Colombian_peso,Q244819_Colombian_peso : Currency ;,Q244819_Colombian_peso = mkNP Colombian_peso_N ;,"Colombian_peso_N : N = mkN ""Colombian peso"" ;"
http://www.wikidata.org/entity/Q267264,Q267264,Comorian franc,Q267264_Comorian_franc,Q267264_Comorian_franc : Currency ;,Q267264_Comorian_franc = mkNP Comorian_franc_N ;,"Comorian_franc_N : N = mkN ""Comorian franc"" ;"
http://www.wikidata.org/entity/Q4734,Q4734,Congolese franc,Q4734_Congolese_franc,Q4734_Congolese_franc : Currency ;,Q4734_Congolese_franc = mkNP Congolese_franc_N ;,"Congolese_franc_N : N = mkN ""Congolese franc"" ;"
http://www.wikidata.org/entity/Q507737,Q507737,Cook Islands dollar,Q507737_Cook_Islands_dollar,Q507737_Cook_Islands_dollar : Currency ;,Q507737_Cook_Islands_dollar = mkNP Cook_Islands_dollar_N ;,"Cook_Islands_dollar_N : N = mkN ""Cook Islands dollar"" ;"
http://www.wikidata.org/entity/Q242915,Q242915,Costa Rican colón,Q242915_Costa_Rican_colon,Q242915_Costa_Rican_colon : Currency ;,Q242915_Costa_Rican_colon = mkNP Costa_Rican_colon_N ;,"Costa_Rican_colon_N : N = mkN ""Costa Rican colón"" ;"
http://www.wikidata.org/entity/Q201505,Q201505,Cuban peso,Q201505_Cuban_peso,Q201505_Cuban_peso : Currency ;,Q201505_Cuban_peso = mkNP Cuban_peso_N ;,"Cuban_peso_N : N = mkN ""Cuban peso"" ;"
http://www.wikidata.org/entity/Q131016,Q131016,Czech koruna,Q131016_Czech_koruna,Q131016_Czech_koruna : Currency ;,Q131016_Czech_koruna = mkNP Czech_koruna_N ;,"Czech_koruna_N : N = mkN ""Czech koruna"" ;"
http://www.wikidata.org/entity/Q25417,Q25417,Danish krone,Q25417_Danish_krone,Q25417_Danish_krone : Currency ;,Q25417_Danish_krone = mkNP Danish_krone_N ;,"Danish_krone_N : N = mkN ""Danish krone"" ;"
http://www.wikidata.org/entity/Q572664,Q572664,Dirham,Q572664_Dirham,Q572664_Dirham : Currency ;,Q572664_Dirham = mkNP Dirham_N ;,"Dirham_N : N = mkN ""Dirham"" ;"
http://www.wikidata.org/entity/Q4594,Q4594,Djiboutian franc,Q4594_Djiboutian_franc,Q4594_Djiboutian_franc : Currency ;,Q4594_Djiboutian_franc = mkNP Djiboutian_franc_N ;,"Djiboutian_franc_N : N = mkN ""Djiboutian franc"" ;"
http://www.wikidata.org/entity/Q242922,Q242922,Dominican peso,Q242922_Dominican_peso,Q242922_Dominican_peso : Currency ;,Q242922_Dominican_peso = mkNP Dominican_peso_N ;,"Dominican_peso_N : N = mkN ""Dominican peso"" ;"
http://www.wikidata.org/entity/Q572213,Q572213,East Timor centavo coins,Q572213_East_Timor_centavo_coins,Q572213_East_Timor_centavo_coins : Currency ;,Q572213_East_Timor_centavo_coins = mkNP East_Timor_centavo_coins_N ;,"East_Timor_centavo_coins_N : N = mkN ""East Timor centavo coins"" ;"
http://www.wikidata.org/entity/Q26365,Q26365,Eastern Caribbean dollar,Q26365_Eastern_Caribbean_dollar,Q26365_Eastern_Caribbean_dollar : Currency ;,Q26365_Eastern_Caribbean_dollar = mkNP Eastern_Caribbean_dollar_N ;,"Eastern_Caribbean_dollar_N : N = mkN ""Eastern Caribbean dollar"" ;"
http://www.wikidata.org/entity/Q199462,Q199462,Egyptian pound,Q199462_Egyptian_pound,Q199462_Egyptian_pound : Currency ;,Q199462_Egyptian_pound = mkNP Egyptian_pound_N ;,"Egyptian_pound_N : N = mkN ""Egyptian pound"" ;"
http://www.wikidata.org/entity/Q8192962,Q8192962,Eiraku Tsūhō,Q8192962_Eiraku_Tsuho,Q8192962_Eiraku_Tsuho : Currency ;,Q8192962_Eiraku_Tsuho = mkNP Eiraku_Tsuho_N ;,"Eiraku_Tsuho_N : N = mkN ""Eiraku Tsūhō"" ;"
http://www.wikidata.org/entity/Q4916,Q4916,Euro,Q4916_Euro,Q4916_Euro : Currency ;,Q4916_Euro = mkNP Euro_N ;,"Euro_N : N = mkN ""Euro"" ;"
http://www.wikidata.org/entity/Q191068,Q191068,Faroese króna,Q191068_Faroese_krona,Q191068_Faroese_krona : Currency ;,Q191068_Faroese_krona = mkNP Faroese_krona_N ;,"Faroese_krona_N : N = mkN ""Faroese króna"" ;"
http://www.wikidata.org/entity/Q4592,Q4592,Fijian dollar,Q4592_Fijian_dollar,Q4592_Fijian_dollar : Currency ;,Q4592_Fijian_dollar = mkNP Fijian_dollar_N ;,"Fijian_dollar_N : N = mkN ""Fijian dollar"" ;"
http://www.wikidata.org/entity/Q184172,Q184172,French franc,Q184172_French_franc,Q184172_French_franc : Currency ;,Q184172_French_franc = mkNP French_franc_N ;,"French_franc_N : N = mkN ""French franc"" ;"
http://www.wikidata.org/entity/Q4608,Q4608,Georgian lari,Q4608_Georgian_lari,Q4608_Georgian_lari : Currency ;,Q4608_Georgian_lari = mkNP Georgian_lari_N ;,"Georgian_lari_N : N = mkN ""Georgian lari"" ;"
http://www.wikidata.org/entity/Q183530,Q183530,Ghana cedi,Q183530_Ghana_cedi,Q183530_Ghana_cedi : Currency ;,Q183530_Ghana_cedi = mkNP Ghana_cedi_N ;,"Ghana_cedi_N : N = mkN ""Ghana cedi"" ;"
http://www.wikidata.org/entity/Q41429,Q41429,Gibraltar pound,Q41429_Gibraltar_pound,Q41429_Gibraltar_pound : Currency ;,Q41429_Gibraltar_pound = mkNP Gibraltar_pound_N ;,"Gibraltar_pound_N : N = mkN ""Gibraltar pound"" ;"
http://www.wikidata.org/entity/Q213311,Q213311,Guinean franc,Q213311_Guinean_franc,Q213311_Guinean_franc : Currency ;,Q213311_Guinean_franc = mkNP Guinean_franc_N ;,"Guinean_franc_N : N = mkN ""Guinean franc"" ;"
http://www.wikidata.org/entity/Q213005,Q213005,Guyanese dollar,Q213005_Guyanese_dollar,Q213005_Guyanese_dollar : Currency ;,Q213005_Guyanese_dollar = mkNP Guyanese_dollar_N ;,"Guyanese_dollar_N : N = mkN ""Guyanese dollar"" ;"
http://www.wikidata.org/entity/Q4719,Q4719,Honduran lempira,Q4719_Honduran_lempira,Q4719_Honduran_lempira : Currency ;,Q4719_Honduran_lempira = mkNP Honduran_lempira_N ;,"Honduran_lempira_N : N = mkN ""Honduran lempira"" ;"
http://www.wikidata.org/entity/Q131473,Q131473,Icelandic króna,Q131473_Icelandic_krona,Q131473_Icelandic_krona : Currency ;,Q131473_Icelandic_krona = mkNP Icelandic_krona_N ;,"Icelandic_krona_N : N = mkN ""Icelandic króna"" ;"
http://www.wikidata.org/entity/Q80524,Q80524,Indian rupee,Q80524_Indian_rupee,Q80524_Indian_rupee : Currency ;,Q80524_Indian_rupee = mkNP Indian_rupee_N ;,"Indian_rupee_N : N = mkN ""Indian rupee"" ;"
http://www.wikidata.org/entity/Q188608,Q188608,Iranian rial,Q188608_Iranian_rial,Q188608_Iranian_rial : Currency ;,Q188608_Iranian_rial = mkNP Iranian_rial_N ;,"Iranian_rial_N : N = mkN ""Iranian rial"" ;"
http://www.wikidata.org/entity/Q193094,Q193094,Iraqi dinar,Q193094_Iraqi_dinar,Q193094_Iraqi_dinar : Currency ;,Q193094_Iraqi_dinar = mkNP Iraqi_dinar_N ;,"Iraqi_dinar_N : N = mkN ""Iraqi dinar"" ;"
http://www.wikidata.org/entity/Q209792,Q209792,Jamaican dollar,Q209792_Jamaican_dollar,Q209792_Jamaican_dollar : Currency ;,Q209792_Jamaican_dollar = mkNP Jamaican_dollar_N ;,"Jamaican_dollar_N : N = mkN ""Jamaican dollar"" ;"
http://www.wikidata.org/entity/Q203722,Q203722,Jordanian dinar,Q203722_Jordanian_dinar,Q203722_Jordanian_dinar : Currency ;,Q203722_Jordanian_dinar = mkNP Jordanian_dinar_N ;,"Jordanian_dinar_N : N = mkN ""Jordanian dinar"" ;"
http://www.wikidata.org/entity/Q173751,Q173751,Kazakhstani tenge,Q173751_Kazakhstani_tenge,Q173751_Kazakhstani_tenge : Currency ;,Q173751_Kazakhstani_tenge = mkNP Kazakhstani_tenge_N ;,"Kazakhstani_tenge_N : N = mkN ""Kazakhstani tenge"" ;"
http://www.wikidata.org/entity/Q202882,Q202882,Kenyan shilling,Q202882_Kenyan_shilling,Q202882_Kenyan_shilling : Currency ;,Q202882_Kenyan_shilling = mkNP Kenyan_shilling_N ;,"Kenyan_shilling_N : N = mkN ""Kenyan shilling"" ;"
http://www.wikidata.org/entity/Q19953495,Q19953495,Kin'en Yohō,Q19953495_Kinen_Yoho,Q19953495_Kinen_Yoho : Currency ;,Q19953495_Kinen_Yoho = mkNP Kinen_Yoho_N ;,"Kinen_Yoho_N : N = mkN ""Kin'en Yohō"" ;"
http://www.wikidata.org/entity/Q1049963,Q1049963,Kiribati dollar,Q1049963_Kiribati_dollar,Q1049963_Kiribati_dollar : Currency ;,Q1049963_Kiribati_dollar = mkNP Kiribati_dollar_N ;,"Kiribati_dollar_N : N = mkN ""Kiribati dollar"" ;"
http://www.wikidata.org/entity/Q3867091,Q3867091,Korean mun,Q3867091_Korean_mun,Q3867091_Korean_mun : Currency ;,Q3867091_Korean_mun = mkNP Korean_mun_N ;,"Korean_mun_N : N = mkN ""Korean mun"" ;"
http://www.wikidata.org/entity/Q193098,Q193098,Kuwaiti dinar,Q193098_Kuwaiti_dinar,Q193098_Kuwaiti_dinar : Currency ;,Q193098_Kuwaiti_dinar = mkNP Kuwaiti_dinar_N ;,"Kuwaiti_dinar_N : N = mkN ""Kuwaiti dinar"" ;"
http://www.wikidata.org/entity/Q35881,Q35881,Kyrgyz som,Q35881_Kyrgyz_som,Q35881_Kyrgyz_som : Currency ;,Q35881_Kyrgyz_som = mkNP Kyrgyz_som_N ;,"Kyrgyz_som_N : N = mkN ""Kyrgyz som"" ;"
http://www.wikidata.org/entity/Q200055,Q200055,Lao kip,Q200055_Lao_kip,Q200055_Lao_kip : Currency ;,Q200055_Lao_kip = mkNP Lao_kip_N ;,"Lao_kip_N : N = mkN ""Lao kip"" ;"
http://www.wikidata.org/entity/Q201880,Q201880,Lebanese pound,Q201880_Lebanese_pound,Q201880_Lebanese_pound : Currency ;,Q201880_Lebanese_pound = mkNP Lebanese_pound_N ;,"Lebanese_pound_N : N = mkN ""Lebanese pound"" ;"
http://www.wikidata.org/entity/Q242988,Q242988,Liberian dollar,Q242988_Liberian_dollar,Q242988_Liberian_dollar : Currency ;,Q242988_Liberian_dollar = mkNP Liberian_dollar_N ;,"Liberian_dollar_N : N = mkN ""Liberian dollar"" ;"
http://www.wikidata.org/entity/Q190699,Q190699,Libyan dinar,Q190699_Libyan_dinar,Q190699_Libyan_dinar : Currency ;,Q190699_Libyan_dinar = mkNP Libyan_dinar_N ;,"Libyan_dinar_N : N = mkN ""Libyan dinar"" ;"
http://www.wikidata.org/entity/Q211694,Q211694,Malawian kwacha,Q211694_Malawian_kwacha,Q211694_Malawian_kwacha : Currency ;,Q211694_Malawian_kwacha = mkNP Malawian_kwacha_N ;,"Malawian_kwacha_N : N = mkN ""Malawian kwacha"" ;"
http://www.wikidata.org/entity/Q163712,Q163712,Malaysian ringgit,Q163712_Malaysian_ringgit,Q163712_Malaysian_ringgit : Currency ;,Q163712_Malaysian_ringgit = mkNP Malaysian_ringgit_N ;,"Malaysian_ringgit_N : N = mkN ""Malaysian ringgit"" ;"
http://www.wikidata.org/entity/Q206600,Q206600,Maldivian rufiyaa,Q206600_Maldivian_rufiyaa,Q206600_Maldivian_rufiyaa : Currency ;,Q206600_Maldivian_rufiyaa = mkNP Maldivian_rufiyaa_N ;,"Maldivian_rufiyaa_N : N = mkN ""Maldivian rufiyaa"" ;"
http://www.wikidata.org/entity/Q207024,Q207024,Mauritanian ouguiya,Q207024_Mauritanian_ouguiya,Q207024_Mauritanian_ouguiya : Currency ;,Q207024_Mauritanian_ouguiya = mkNP Mauritanian_ouguiya_N ;,"Mauritanian_ouguiya_N : N = mkN ""Mauritanian ouguiya"" ;"
http://www.wikidata.org/entity/Q212967,Q212967,Mauritian rupee,Q212967_Mauritian_rupee,Q212967_Mauritian_rupee : Currency ;,Q212967_Mauritian_rupee = mkNP Mauritian_rupee_N ;,"Mauritian_rupee_N : N = mkN ""Mauritian rupee"" ;"
http://www.wikidata.org/entity/Q4730,Q4730,Mexican peso,Q4730_Mexican_peso,Q4730_Mexican_peso : Currency ;,Q4730_Mexican_peso = mkNP Mexican_peso_N ;,"Mexican_peso_N : N = mkN ""Mexican peso"" ;"
http://www.wikidata.org/entity/Q181129,Q181129,Moldovan leu,Q181129_Moldovan_leu,Q181129_Moldovan_leu : Currency ;,Q181129_Moldovan_leu = mkNP Moldovan_leu_N ;,"Moldovan_leu_N : N = mkN ""Moldovan leu"" ;"
http://www.wikidata.org/entity/Q200192,Q200192,Moroccan dirham,Q200192_Moroccan_dirham,Q200192_Moroccan_dirham : Currency ;,Q200192_Moroccan_dirham = mkNP Moroccan_dirham_N ;,"Moroccan_dirham_N : N = mkN ""Moroccan dirham"" ;"
http://www.wikidata.org/entity/Q200753,Q200753,Mozambican metical,Q200753_Mozambican_metical,Q200753_Mozambican_metical : Currency ;,Q200753_Mozambican_metical = mkNP Mozambican_metical_N ;,"Mozambican_metical_N : N = mkN ""Mozambican metical"" ;"
http://www.wikidata.org/entity/Q202462,Q202462,Namibian dollar,Q202462_Namibian_dollar,Q202462_Namibian_dollar : Currency ;,Q202462_Namibian_dollar = mkNP Namibian_dollar_N ;,"Namibian_dollar_N : N = mkN ""Namibian dollar"" ;"
http://www.wikidata.org/entity/Q202895,Q202895,Nepalese rupee,Q202895_Nepalese_rupee,Q202895_Nepalese_rupee : Currency ;,Q202895_Nepalese_rupee = mkNP Nepalese_rupee_N ;,"Nepalese_rupee_N : N = mkN ""Nepalese rupee"" ;"
http://www.wikidata.org/entity/Q522701,Q522701,Netherlands Antillean guilder,Q522701_Netherlands_Antillean_guilder,Q522701_Netherlands_Antillean_guilder : Currency ;,Q522701_Netherlands_Antillean_guilder = mkNP Netherlands_Antillean_guilder_N ;,"Netherlands_Antillean_guilder_N : N = mkN ""Netherlands Antillean guilder"" ;"
http://www.wikidata.org/entity/Q208526,Q208526,New Taiwan dollar,Q208526_New_Taiwan_dollar,Q208526_New_Taiwan_dollar : Currency ;,Q208526_New_Taiwan_dollar = mkNP New_Taiwan_dollar_N ;,"New_Taiwan_dollar_N : N = mkN ""New Taiwan dollar"" ;"
http://www.wikidata.org/entity/Q1472704,Q1472704,New Zealand dollar,Q1472704_New_Zealand_dollar,Q1472704_New_Zealand_dollar : Currency ;,Q1472704_New_Zealand_dollar = mkNP New_Zealand_dollar_N ;,"New_Zealand_dollar_N : N = mkN ""New Zealand dollar"" ;"
http://www.wikidata.org/entity/Q207312,Q207312,Nicaraguan córdoba,Q207312_Nicaraguan_cordoba,Q207312_Nicaraguan_cordoba : Currency ;,Q207312_Nicaraguan_cordoba = mkNP Nicaraguan_cordoba_N ;,"Nicaraguan_cordoba_N : N = mkN ""Nicaraguan córdoba"" ;"
http://www.wikidata.org/entity/Q4165057,Q4165057,Niue dollar,Q4165057_Niue_dollar,Q4165057_Niue_dollar : Currency ;,Q4165057_Niue_dollar = mkNP Niue_dollar_N ;,"Niue_dollar_N : N = mkN ""Niue dollar"" ;"
http://www.wikidata.org/entity/Q106720,Q106720,North Korean won,Q106720_North_Korean_won,Q106720_North_Korean_won : Currency ;,Q106720_North_Korean_won = mkNP North_Korean_won_N ;,"North_Korean_won_N : N = mkN ""North Korean won"" ;"
http://www.wikidata.org/entity/Q177875,Q177875,North Macedonian denar,Q177875_North_Macedonian_denar,Q177875_North_Macedonian_denar : Currency ;,Q177875_North_Macedonian_denar = mkNP North_Macedonian_denar_N ;,"North_Macedonian_denar_N : N = mkN ""North Macedonian denar"" ;"
http://www.wikidata.org/entity/Q132643,Q132643,Norwegian krone,Q132643_Norwegian_krone,Q132643_Norwegian_krone : Currency ;,Q132643_Norwegian_krone = mkNP Norwegian_krone_N ;,"Norwegian_krone_N : N = mkN ""Norwegian krone"" ;"
http://www.wikidata.org/entity/Q204656,Q204656,Nuevo sol,Q204656_Nuevo_sol,Q204656_Nuevo_sol : Currency ;,Q204656_Nuevo_sol = mkNP Nuevo_sol_N ;,"Nuevo_sol_N : N = mkN ""Nuevo sol"" ;"
http://www.wikidata.org/entity/Q272290,Q272290,Omani rial,Q272290_Omani_rial,Q272290_Omani_rial : Currency ;,Q272290_Omani_rial = mkNP Omani_rial_N ;,"Omani_rial_N : N = mkN ""Omani rial"" ;"
http://www.wikidata.org/entity/Q188289,Q188289,Pakistani rupee,Q188289_Pakistani_rupee,Q188289_Pakistani_rupee : Currency ;,Q188289_Pakistani_rupee = mkNP Pakistani_rupee_N ;,"Pakistani_rupee_N : N = mkN ""Pakistani rupee"" ;"
http://www.wikidata.org/entity/Q210472,Q210472,Panamanian balboa,Q210472_Panamanian_balboa,Q210472_Panamanian_balboa : Currency ;,Q210472_Panamanian_balboa = mkNP Panamanian_balboa_N ;,"Panamanian_balboa_N : N = mkN ""Panamanian balboa"" ;"
http://www.wikidata.org/entity/Q207514,Q207514,Paraguayan guaraní,Q207514_Paraguayan_guarani,Q207514_Paraguayan_guarani : Currency ;,Q207514_Paraguayan_guarani = mkNP Paraguayan_guarani_N ;,"Paraguayan_guarani_N : N = mkN ""Paraguayan guaraní"" ;"
http://www.wikidata.org/entity/Q17193,Q17193,Philippine peso,Q17193_Philippine_peso,Q17193_Philippine_peso : Currency ;,Q17193_Philippine_peso = mkNP Philippine_peso_N ;,"Philippine_peso_N : N = mkN ""Philippine peso"" ;"
http://www.wikidata.org/entity/Q206386,Q206386,Qatari riyal,Q206386_Qatari_riyal,Q206386_Qatari_riyal : Currency ;,Q206386_Qatari_riyal = mkNP Qatari_riyal_N ;,"Qatari_riyal_N : N = mkN ""Qatari riyal"" ;"
http://www.wikidata.org/entity/Q952064,Q952064,Roman currency,Q952064_Roman_currency,Q952064_Roman_currency : Currency ;,Q952064_Roman_currency = mkNP Roman_currency_N ;,"Roman_currency_N : N = mkN ""Roman currency"" ;"
http://www.wikidata.org/entity/Q131645,Q131645,Romanian Leu,Q131645_Romanian_Leu,Q131645_Romanian_Leu : Currency ;,Q131645_Romanian_Leu = mkNP Romanian_Leu_N ;,"Romanian_Leu_N : N = mkN ""Romanian Leu"" ;"
http://www.wikidata.org/entity/Q41044,Q41044,Russian ruble,Q41044_Russian_ruble,Q41044_Russian_ruble : Currency ;,Q41044_Russian_ruble = mkNP Russian_ruble_N ;,"Russian_ruble_N : N = mkN ""Russian ruble"" ;"
http://www.wikidata.org/entity/Q4741,Q4741,Rwandan franc,Q4741_Rwandan_franc,Q4741_Rwandan_franc : Currency ;,Q4741_Rwandan_franc = mkNP Rwandan_franc_N ;,"Rwandan_franc_N : N = mkN ""Rwandan franc"" ;"
http://www.wikidata.org/entity/Q70019827,Q70019827,Ryukyuan mon,Q70019827_Ryukyuan_mon,Q70019827_Ryukyuan_mon : Currency ;,Q70019827_Ryukyuan_mon = mkNP Ryukyuan_mon_N ;,"Ryukyuan_mon_N : N = mkN ""Ryukyuan mon"" ;"
http://www.wikidata.org/entity/Q11573698,Q11573698,Ryūkyū Tsūhō,Q11573698_Ryukyu_Tsuho,Q11573698_Ryukyu_Tsuho : Currency ;,Q11573698_Ryukyu_Tsuho = mkNP Ryukyu_Tsuho_N ;,"Ryukyu_Tsuho_N : N = mkN ""Ryūkyū Tsūhō"" ;"
http://www.wikidata.org/entity/Q96051466,Q96051466,SOV,Q96051466_SOV,Q96051466_SOV : Currency ;,Q96051466_SOV = mkNP SOV_N ;,"SOV_N : N = mkN ""SOV"" ;"
http://www.wikidata.org/entity/Q4588,Q4588,Samoan Tālā,Q4588_Samoan_Tala,Q4588_Samoan_Tala : Currency ;,Q4588_Samoan_Tala = mkNP Samoan_Tala_N ;,"Samoan_Tala_N : N = mkN ""Samoan Tālā"" ;"
http://www.wikidata.org/entity/Q199857,Q199857,Saudi riyal,Q199857_Saudi_riyal,Q199857_Saudi_riyal : Currency ;,Q199857_Saudi_riyal = mkNP Saudi_riyal_N ;,"Saudi_riyal_N : N = mkN ""Saudi riyal"" ;"
http://www.wikidata.org/entity/Q11362550,Q11362550,Sekō Tsūhō,Q11362550_Seko_Tsuho,Q11362550_Seko_Tsuho : Currency ;,Q11362550_Seko_Tsuho = mkNP Seko_Tsuho_N ;,"Seko_Tsuho_N : N = mkN ""Sekō Tsūhō"" ;"
http://www.wikidata.org/entity/Q172524,Q172524,Serbian dinar,Q172524_Serbian_dinar,Q172524_Serbian_dinar : Currency ;,Q172524_Serbian_dinar = mkNP Serbian_dinar_N ;,"Serbian_dinar_N : N = mkN ""Serbian dinar"" ;"
http://www.wikidata.org/entity/Q4595,Q4595,Seychellois rupee,Q4595_Seychellois_rupee,Q4595_Seychellois_rupee : Currency ;,Q4595_Seychellois_rupee = mkNP Seychellois_rupee_N ;,"Seychellois_rupee_N : N = mkN ""Seychellois rupee"" ;"
http://www.wikidata.org/entity/Q190951,Q190951,Singapore dollar,Q190951_Singapore_dollar,Q190951_Singapore_dollar : Currency ;,Q190951_Singapore_dollar = mkNP Singapore_dollar_N ;,"Singapore_dollar_N : N = mkN ""Singapore dollar"" ;"
http://www.wikidata.org/entity/Q4597,Q4597,Solomon Islands dollar,Q4597_Solomon_Islands_dollar,Q4597_Solomon_Islands_dollar : Currency ;,Q4597_Solomon_Islands_dollar = mkNP Solomon_Islands_dollar_N ;,"Solomon_Islands_dollar_N : N = mkN ""Solomon Islands dollar"" ;"
http://www.wikidata.org/entity/Q4603,Q4603,Somali shilling,Q4603_Somali_shilling,Q4603_Somali_shilling : Currency ;,Q4603_Somali_shilling = mkNP Somali_shilling_N ;,"Somali_shilling_N : N = mkN ""Somali shilling"" ;"
http://www.wikidata.org/entity/Q244366,Q244366,South Sudanese pound,Q244366_South_Sudanese_pound,Q244366_South_Sudanese_pound : Currency ;,Q244366_South_Sudanese_pound = mkNP South_Sudanese_pound_N ;,"South_Sudanese_pound_N : N = mkN ""South Sudanese pound"" ;"
http://www.wikidata.org/entity/Q4596,Q4596,Sri Lankan rupee,Q4596_Sri_Lankan_rupee,Q4596_Sri_Lankan_rupee : Currency ;,Q4596_Sri_Lankan_rupee = mkNP Sri_Lankan_rupee_N ;,"Sri_Lankan_rupee_N : N = mkN ""Sri Lankan rupee"" ;"
http://www.wikidata.org/entity/Q271206,Q271206,Sudanese pound,Q271206_Sudanese_pound,Q271206_Sudanese_pound : Currency ;,Q271206_Sudanese_pound = mkNP Sudanese_pound_N ;,"Sudanese_pound_N : N = mkN ""Sudanese pound"" ;"
http://www.wikidata.org/entity/Q202036,Q202036,Surinamese dollar,Q202036_Surinamese_dollar,Q202036_Surinamese_dollar : Currency ;,Q202036_Surinamese_dollar = mkNP Surinamese_dollar_N ;,"Surinamese_dollar_N : N = mkN ""Surinamese dollar"" ;"
http://www.wikidata.org/entity/Q122922,Q122922,Swedish krona,Q122922_Swedish_krona,Q122922_Swedish_krona : Currency ;,Q122922_Swedish_krona = mkNP Swedish_krona_N ;,"Swedish_krona_N : N = mkN ""Swedish krona"" ;"
http://www.wikidata.org/entity/Q25344,Q25344,Swiss franc,Q25344_Swiss_franc,Q25344_Swiss_franc : Currency ;,Q25344_Swiss_franc = mkNP Swiss_franc_N ;,"Swiss_franc_N : N = mkN ""Swiss franc"" ;"
http://www.wikidata.org/entity/Q240468,Q240468,Syrian pound,Q240468_Syrian_pound,Q240468_Syrian_pound : Currency ;,Q240468_Syrian_pound = mkNP Syrian_pound_N ;,"Syrian_pound_N : N = mkN ""Syrian pound"" ;"
http://www.wikidata.org/entity/Q193712,Q193712,São Tomé and Príncipe dobra,Q193712_Sao_Tome_and_Principe_dobra,Q193712_Sao_Tome_and_Principe_dobra : Currency ;,Q193712_Sao_Tome_and_Principe_dobra = mkNP Sao_Tome_and_Principe_dobra_N ;,"Sao_Tome_and_Principe_dobra_N : N = mkN ""São Tomé and Príncipe dobra"" ;"
http://www.wikidata.org/entity/Q11431840,Q11431840,Taise Tsūhō,Q11431840_Taise_Tsuho,Q11431840_Taise_Tsuho : Currency ;,Q11431840_Taise_Tsuho = mkNP Taise_Tsuho_N ;,"Taise_Tsuho_N : N = mkN ""Taise Tsūhō"" ;"
http://www.wikidata.org/entity/Q199886,Q199886,Tajikistani somoni,Q199886_Tajikistani_somoni,Q199886_Tajikistani_somoni : Currency ;,Q199886_Tajikistani_somoni = mkNP Tajikistani_somoni_N ;,"Tajikistani_somoni_N : N = mkN ""Tajikistani somoni"" ;"
http://www.wikidata.org/entity/Q4589,Q4589,Tanzanian shilling,Q4589_Tanzanian_shilling,Q4589_Tanzanian_shilling : Currency ;,Q4589_Tanzanian_shilling = mkNP Tanzanian_shilling_N ;,"Tanzanian_shilling_N : N = mkN ""Tanzanian shilling"" ;"
http://www.wikidata.org/entity/Q4613,Q4613,Tongan paʻanga,Q4613_Tongan_paanga,Q4613_Tongan_paanga : Currency ;,Q4613_Tongan_paanga = mkNP Tongan_paanga_N ;,"Tongan_paanga_N : N = mkN ""Tongan paʻanga"" ;"
http://www.wikidata.org/entity/Q200979,Q200979,Transnistrian ruble,Q200979_Transnistrian_ruble,Q200979_Transnistrian_ruble : Currency ;,Q200979_Transnistrian_ruble = mkNP Transnistrian_ruble_N ;,"Transnistrian_ruble_N : N = mkN ""Transnistrian ruble"" ;"
http://www.wikidata.org/entity/Q242890,Q242890,Trinidad and Tobago dollar,Q242890_Trinidad_and_Tobago_dollar,Q242890_Trinidad_and_Tobago_dollar : Currency ;,Q242890_Trinidad_and_Tobago_dollar = mkNP Trinidad_and_Tobago_dollar_N ;,"Trinidad_and_Tobago_dollar_N : N = mkN ""Trinidad and Tobago dollar"" ;"
http://www.wikidata.org/entity/Q4602,Q4602,Tunisian dinar,Q4602_Tunisian_dinar,Q4602_Tunisian_dinar : Currency ;,Q4602_Tunisian_dinar = mkNP Tunisian_dinar_N ;,"Tunisian_dinar_N : N = mkN ""Tunisian dinar"" ;"
http://www.wikidata.org/entity/Q172872,Q172872,Turkish lira,Q172872_Turkish_lira,Q172872_Turkish_lira : Currency ;,Q172872_Turkish_lira = mkNP Turkish_lira_N ;,"Turkish_lira_N : N = mkN ""Turkish lira"" ;"
http://www.wikidata.org/entity/Q486637,Q486637,Turkmenistan new manat,Q486637_Turkmenistan_new_manat,Q486637_Turkmenistan_new_manat : Currency ;,Q486637_Turkmenistan_new_manat = mkNP Turkmenistan_new_manat_N ;,"Turkmenistan_new_manat_N : N = mkN ""Turkmenistan new manat"" ;"
http://www.wikidata.org/entity/Q4406,Q4406,Tuvaluan dollar,Q4406_Tuvaluan_dollar,Q4406_Tuvaluan_dollar : Currency ;,Q4406_Tuvaluan_dollar = mkNP Tuvaluan_dollar_N ;,"Tuvaluan_dollar_N : N = mkN ""Tuvaluan dollar"" ;"
http://www.wikidata.org/entity/Q4598,Q4598,Ugandan shilling,Q4598_Ugandan_shilling,Q4598_Ugandan_shilling : Currency ;,Q4598_Ugandan_shilling = mkNP Ugandan_shilling_N ;,"Ugandan_shilling_N : N = mkN ""Ugandan shilling"" ;"
http://www.wikidata.org/entity/Q200294,Q200294,United Arab Emirates dirham,Q200294_United_Arab_Emirates_dirham,Q200294_United_Arab_Emirates_dirham : Currency ;,Q200294_United_Arab_Emirates_dirham = mkNP United_Arab_Emirates_dirham_N ;,"United_Arab_Emirates_dirham_N : N = mkN ""United Arab Emirates dirham"" ;"
http://www.wikidata.org/entity/Q4917,Q4917,United States dollar,Q4917_United_States_dollar,Q4917_United_States_dollar : Currency ;,Q4917_United_States_dollar = mkNP United_States_dollar_N ;,"United_States_dollar_N : N = mkN ""United States dollar"" ;"
http://www.wikidata.org/entity/Q209272,Q209272,Uruguayan peso,Q209272_Uruguayan_peso,Q209272_Uruguayan_peso : Currency ;,Q209272_Uruguayan_peso = mkNP Uruguayan_peso_N ;,"Uruguayan_peso_N : N = mkN ""Uruguayan peso"" ;"
http://www.wikidata.org/entity/Q487888,Q487888,Uzbekistani som,Q487888_Uzbekistani_som,Q487888_Uzbekistani_som : Currency ;,Q487888_Uzbekistani_som = mkNP Uzbekistani_som_N ;,"Uzbekistani_som_N : N = mkN ""Uzbekistani som"" ;"
http://www.wikidata.org/entity/Q207523,Q207523,Vanuatu vatus,Q207523_Vanuatu_vatus,Q207523_Vanuatu_vatus : Currency ;,Q207523_Vanuatu_vatus = mkNP Vanuatu_vatus_N ;,"Vanuatu_vatus_N : N = mkN ""Vanuatu vatus"" ;"
http://www.wikidata.org/entity/Q192090,Q192090,Vietnamese đồng,Q192090_Vietnamese_dong,Q192090_Vietnamese_dong : Currency ;,Q192090_Vietnamese_dong = mkNP Vietnamese_dong_N ;,"Vietnamese_dong_N : N = mkN ""Vietnamese đồng"" ;"
http://www.wikidata.org/entity/Q861690,Q861690,West African CFA franc,Q861690_West_African_CFA_franc,Q861690_West_African_CFA_franc : Currency ;,Q861690_West_African_CFA_franc = mkNP West_African_CFA_franc_N ;,"West_African_CFA_franc_N : N = mkN ""West African CFA franc"" ;"
http://www.wikidata.org/entity/Q240512,Q240512,Yemeni Rial,Q240512_Yemeni_Rial,Q240512_Yemeni_Rial : Currency ;,Q240512_Yemeni_Rial = mkNP Yemeni_Rial_N ;,"Yemeni_Rial_N : N = mkN ""Yemeni Rial"" ;"
http://www.wikidata.org/entity/Q73408,Q73408,Zambian Kwacha,Q73408_Zambian_Kwacha,Q73408_Zambian_Kwacha : Currency ;,Q73408_Zambian_Kwacha = mkNP Zambian_Kwacha_N ;,"Zambian_Kwacha_N : N = mkN ""Zambian Kwacha"" ;"
http://www.wikidata.org/entity/Q182803,Q182803,Zimbabwean dollar,Q182803_Zimbabwean_dollar,Q182803_Zimbabwean_dollar : Currency ;,Q182803_Zimbabwean_dollar = mkNP Zimbabwean_dollar_N ;,"Zimbabwean_dollar_N : N = mkN ""Zimbabwean dollar"" ;"
http://www.wikidata.org/entity/Q199471,Q199471,afghani,Q199471_Afghani,Q199471_Afghani : Currency ;,Q199471_Afghani = mkNP Afghani_N ;,"Afghani_N : N = mkN ""afghani"" ;"
http://www.wikidata.org/entity/Q4584,Q4584,ariary,Q4584_Ariary,Q4584_Ariary : Currency ;,Q4584_Ariary = mkNP Ariary_N ;,"Ariary_N : N = mkN ""ariary"" ;"
http://www.wikidata.org/entity/Q177882,Q177882,baht,Q177882_Baht,Q177882_Baht : Currency ;,Q177882_Baht = mkNP Baht_N ;,"Baht_N : N = mkN ""baht"" ;"
http://www.wikidata.org/entity/Q206243,Q206243,bir,Q206243_Bir,Q206243_Bir : Currency ;,Q206243_Bir = mkNP Bir_N ;,"Bir_N : N = mkN ""bir"" ;"
http://www.wikidata.org/entity/Q131723,Q131723,bitcoin,Q131723_Bitcoin,Q131723_Bitcoin : Currency ;,Q131723_Bitcoin = mkNP Bitcoin_N ;,"Bitcoin_N : N = mkN ""bitcoin"" ;"
http://www.wikidata.org/entity/Q200737,Q200737,boliviano,Q200737_Boliviano,Q200737_Boliviano : Currency ;,Q200737_Boliviano = mkNP Boliviano_N ;,"Boliviano_N : N = mkN ""boliviano"" ;"
http://www.wikidata.org/entity/Q179620,Q179620,convertible mark,Q179620_Convertible_mark,Q179620_Convertible_mark : Currency ;,Q179620_Convertible_mark = mkNP Convertible_mark_N ;,"Convertible_mark_N : N = mkN ""convertible mark"" ;"
http://www.wikidata.org/entity/Q202885,Q202885,dalasi,Q202885_Dalasi,Q202885_Dalasi : Currency ;,Q202885_Dalasi = mkNP Dalasi_N ;,"Dalasi_N : N = mkN ""dalasi"" ;"
http://www.wikidata.org/entity/Q191830,Q191830,dinar,Q191830_Dinar,Q191830_Dinar : Currency ;,Q191830_Dinar = mkNP Dinar_N ;,"Dinar_N : N = mkN ""dinar"" ;"
http://www.wikidata.org/entity/Q47190,Q47190,forint,Q47190_Forint,Q47190_Forint : Currency ;,Q47190_Forint = mkNP Forint_N ;,"Forint_N : N = mkN ""forint"" ;"
http://www.wikidata.org/entity/Q203955,Q203955,gourde,Q203955_Gourde,Q203955_Gourde : Currency ;,Q203955_Gourde = mkNP Gourde_N ;,"Gourde_N : N = mkN ""gourde"" ;"
http://www.wikidata.org/entity/Q203607,Q203607,guilder,Q203607_Guilder,Q203607_Guilder : Currency ;,Q203607_Guilder = mkNP Guilder_N ;,"Guilder_N : N = mkN ""guilder"" ;"
http://www.wikidata.org/entity/Q81893,Q81893,hryvnia,Q81893_Hryvnia,Q81893_Hryvnia : Currency ;,Q81893_Hryvnia = mkNP Hryvnia_N ;,"Hryvnia_N : N = mkN ""hryvnia"" ;"
http://www.wikidata.org/entity/Q200759,Q200759,kina,Q200759_Kina,Q200759_Kina : Currency ;,Q200759_Kina = mkNP Kina_N ;,"Kina_N : N = mkN ""kina"" ;"
http://www.wikidata.org/entity/Q200337,Q200337,kwanza,Q200337_Kwanza,Q200337_Kwanza : Currency ;,Q200337_Kwanza = mkNP Kwanza_N ;,"Kwanza_N : N = mkN ""kwanza"" ;"
http://www.wikidata.org/entity/Q201875,Q201875,kyat,Q201875_Kyat,Q201875_Kyat : Currency ;,Q201875_Kyat = mkNP Kyat_N ;,"Kyat_N : N = mkN ""kyat"" ;"
http://www.wikidata.org/entity/Q4587,Q4587,leone,Q4587_Leone,Q4587_Leone : Currency ;,Q4587_Leone = mkNP Leone_N ;,"Leone_N : N = mkN ""leone"" ;"
http://www.wikidata.org/entity/Q4823,Q4823,lilangeni,Q4823_Lilangeni,Q4823_Lilangeni : Currency ;,Q4823_Lilangeni = mkNP Lilangeni_N ;,"Lilangeni_N : N = mkN ""lilangeni"" ;"
http://www.wikidata.org/entity/Q208039,Q208039,loti,Q208039_Loti,Q208039_Loti : Currency ;,Q208039_Loti = mkNP Loti_N ;,"Loti_N : N = mkN ""loti"" ;"
http://www.wikidata.org/entity/Q203567,Q203567,naira,Q203567_Naira,Q203567_Naira : Currency ;,Q203567_Naira = mkNP Naira_N ;,"Naira_N : N = mkN ""naira"" ;"
http://www.wikidata.org/entity/Q171503,Q171503,nakfa,Q171503_Nakfa,Q171503_Nakfa : Currency ;,Q171503_Nakfa = mkNP Nakfa_N ;,"Nakfa_N : N = mkN ""nakfa"" ;"
http://www.wikidata.org/entity/Q131309,Q131309,new shekel,Q131309_New_shekel,Q131309_New_shekel : Currency ;,Q131309_New_shekel = mkNP New_shekel_N ;,"New_shekel_N : N = mkN ""new shekel"" ;"
http://www.wikidata.org/entity/Q201799,Q201799,ngultrum,Q201799_Ngultrum,Q201799_Ngultrum : Currency ;,Q201799_Ngultrum = mkNP Ngultrum_N ;,"Ngultrum_N : N = mkN ""ngultrum"" ;"
http://www.wikidata.org/entity/Q25224,Q25224,pound sterling,Q25224_Pound_sterling,Q25224_Pound_sterling : Currency ;,Q25224_Pound_sterling = mkNP Pound_sterling_N ;,"Pound_sterling_N : N = mkN ""pound sterling"" ;"
http://www.wikidata.org/entity/Q207396,Q207396,quetzal,Q207396_Quetzal,Q207396_Quetzal : Currency ;,Q207396_Quetzal = mkNP Quetzal_N ;,"Quetzal_N : N = mkN ""quetzal"" ;"
http://www.wikidata.org/entity/Q181907,Q181907,rand,Q181907_Rand,Q181907_Rand : Currency ;,Q181907_Rand = mkNP Rand_N ;,"Rand_N : N = mkN ""rand"" ;"
http://www.wikidata.org/entity/Q39099,Q39099,renminbi,Q39099_Renminbi,Q39099_Renminbi : Currency ;,Q39099_Renminbi = mkNP Renminbi_N ;,"Renminbi_N : N = mkN ""renminbi"" ;"
http://www.wikidata.org/entity/Q204737,Q204737,riel,Q204737_Riel,Q204737_Riel : Currency ;,Q204737_Riel = mkNP Riel_N ;,"Riel_N : N = mkN ""riel"" ;"
http://www.wikidata.org/entity/Q41588,Q41588,rupiah,Q41588_Rupiah,Q41588_Rupiah : Currency ;,Q41588_Rupiah = mkNP Rupiah_N ;,"Rupiah_N : N = mkN ""rupiah"" ;"
http://www.wikidata.org/entity/Q56349362,Q56349362,sovereign bolivar,Q56349362_Sovereign_bolivar,Q56349362_Sovereign_bolivar : Currency ;,Q56349362_Sovereign_bolivar = mkNP Sovereign_bolivar_N ;,"Sovereign_bolivar_N : N = mkN ""sovereign bolivar"" ;"
http://www.wikidata.org/entity/Q183435,Q183435,tugrik,Q183435_Tugrik,Q183435_Tugrik : Currency ;,Q183435_Tugrik = mkNP Tugrik_N ;,"Tugrik_N : N = mkN ""tugrik"" ;"
http://www.wikidata.org/entity/Q202040,Q202040,won,Q202040_Won,Q202040_Won : Currency ;,Q202040_Won = mkNP Won_N ;,"Won_N : N = mkN ""won"" ;"
http://www.wikidata.org/entity/Q8146,Q8146,yen,Q8146_Yen,Q8146_Yen : Currency ;,Q8146_Yen = mkNP Yen_N ;,"Yen_N : N = mkN ""yen"" ;"
http://www.wikidata.org/entity/Q123213,Q123213,złoty,Q123213_Zloty,Q123213_Zloty : Currency ;,Q123213_Zloty = mkNP Zloty_N ;,"Zloty_N : N = mkN ""złoty"" ;"
