language,entity id,languageLabel,function name,abstract line,eng concrete line,eng lexicon line
http://www.wikidata.org/entity/Q27683,Q27683,Acehnese,Q27683_Acehnese,Q27683_Acehnese : Language ;,Q27683_Acehnese = mkNP Acehnese_N ;,"Acehnese_N : N = mkN ""Acehnese"" ;"
http://www.wikidata.org/entity/Q34926,Q34926,Acholi,Q34926_Acholi,Q34926_Acholi : Language ;,Q34926_Acholi = mkNP Acholi_N ;,"Acholi_N : N = mkN ""Acholi"" ;"
http://www.wikidata.org/entity/Q35035,Q35035,Adja,Q35035_Adja,Q35035_Adja : Language ;,Q35035_Adja = mkNP Adja_N ;,"Adja_N : N = mkN ""Adja"" ;"
http://www.wikidata.org/entity/Q27811,Q27811,Afar,Q27811_Afar,Q27811_Afar : Language ;,Q27811_Afar = mkNP Afar_N ;,"Afar_N : N = mkN ""Afar"" ;"
http://www.wikidata.org/entity/Q14196,Q14196,Afrikaans,Q14196_Afrikaans,Q14196_Afrikaans : Language ;,Q14196_Afrikaans = mkNP Afrikaans_N ;,"Afrikaans_N : N = mkN ""Afrikaans"" ;"
http://www.wikidata.org/entity/Q25268,Q25268,Afroasiatic,Q25268_Afroasiatic,Q25268_Afroasiatic : Language ;,Q25268_Afroasiatic = mkNP Afroasiatic_N ;,"Afroasiatic_N : N = mkN ""Afroasiatic"" ;"
http://www.wikidata.org/entity/Q28026,Q28026,Akan,Q28026_Akan,Q28026_Akan : Language ;,Q28026_Akan = mkNP Akan_N ;,"Akan_N : N = mkN ""Akan"" ;"
http://www.wikidata.org/entity/Q8748,Q8748,Albanian,Q8748_Albanian,Q8748_Albanian : Language ;,Q8748_Albanian = mkNP Albanian_N ;,"Albanian_N : N = mkN ""Albanian"" ;"
http://www.wikidata.org/entity/Q131339,Q131339,Alemannic,Q131339_Alemannic,Q131339_Alemannic : Language ;,Q131339_Alemannic = mkNP Alemannic_N ;,"Alemannic_N : N = mkN ""Alemannic"" ;"
http://www.wikidata.org/entity/Q56499,Q56499,Algerian Arabic,Q56499_Algerian_Arabic,Q56499_Algerian_Arabic : Language ;,Q56499_Algerian_Arabic = mkNP Algerian_Arabic_N ;,"Algerian_Arabic_N : N = mkN ""Algerian Arabic"" ;"
http://www.wikidata.org/entity/Q8786,Q8786,Alsatian,Q8786_Alsatian,Q8786_Alsatian : Language ;,Q8786_Alsatian = mkNP Alsatian_N ;,"Alsatian_N : N = mkN ""Alsatian"" ;"
http://www.wikidata.org/entity/Q7976,Q7976,American English,Q7976_American_English,Q7976_American_English : Language ;,Q7976_American_English = mkNP American_English_N ;,"American_English_N : N = mkN ""American English"" ;"
http://www.wikidata.org/entity/Q28244,Q28244,Amharic,Q28244_Amharic,Q28244_Amharic : Language ;,Q28244_Amharic = mkNP Amharic_N ;,"Amharic_N : N = mkN ""Amharic"" ;"
http://www.wikidata.org/entity/Q3244184,Q3244184,Antiguan and Barbudan Creole,Q3244184_Antiguan_and_Barbudan_Creole,Q3244184_Antiguan_and_Barbudan_Creole : Language ;,Q3244184_Antiguan_and_Barbudan_Creole = mkNP Antiguan_and_Barbudan_Creole_N ;,"Antiguan_and_Barbudan_Creole_N : N = mkN ""Antiguan and Barbudan Creole"" ;"
http://www.wikidata.org/entity/Q13955,Q13955,Arabic,Q13955_Arabic,Q13955_Arabic : Language ;,Q13955_Arabic = mkNP Arabic_N ;,"Arabic_N : N = mkN ""Arabic"" ;"
http://www.wikidata.org/entity/Q8785,Q8785,Armenian,Q8785_Armenian,Q8785_Armenian : Language ;,Q8785_Armenian = mkNP Armenian_N ;,"Armenian_N : N = mkN ""Armenian"" ;"
http://www.wikidata.org/entity/Q29401,Q29401,Assamese,Q29401_Assamese,Q29401_Assamese : Language ;,Q29401_Assamese = mkNP Assamese_N ;,"Assamese_N : N = mkN ""Assamese"" ;"
http://www.wikidata.org/entity/Q306626,Q306626,Austrian German,Q306626_Austrian_German,Q306626_Austrian_German : Language ;,Q306626_Austrian_German = mkNP Austrian_German_N ;,"Austrian_German_N : N = mkN ""Austrian German"" ;"
http://www.wikidata.org/entity/Q29579,Q29579,Awadhi,Q29579_Awadhi,Q29579_Awadhi : Language ;,Q29579_Awadhi = mkNP Awadhi_N ;,"Awadhi_N : N = mkN ""Awadhi"" ;"
http://www.wikidata.org/entity/Q4627,Q4627,Aymara,Q4627_Aymara,Q4627_Aymara : Language ;,Q4627_Aymara = mkNP Aymara_N ;,"Aymara_N : N = mkN ""Aymara"" ;"
http://www.wikidata.org/entity/Q9292,Q9292,Azerbaijani,Q9292_Azerbaijani,Q9292_Azerbaijani : Language ;,Q9292_Azerbaijani = mkNP Azerbaijani_N ;,"Azerbaijani_N : N = mkN ""Azerbaijani"" ;"
http://www.wikidata.org/entity/Q2356364,Q2356364,Bagheli,Q2356364_Bagheli,Q2356364_Bagheli : Language ;,Q2356364_Bagheli = mkNP Bagheli_N ;,"Bagheli_N : N = mkN ""Bagheli"" ;"
http://www.wikidata.org/entity/Q2426319,Q2426319,Bagri,Q2426319_Bagri,Q2426319_Bagri : Language ;,Q2426319_Bagri = mkNP Bagri_N ;,"Bagri_N : N = mkN ""Bagri"" ;"
http://www.wikidata.org/entity/Q33070,Q33070,Balinese,Q33070_Balinese,Q33070_Balinese : Language ;,Q33070_Balinese = mkNP Balinese_N ;,"Balinese_N : N = mkN ""Balinese"" ;"
http://www.wikidata.org/entity/Q33049,Q33049,Balochi,Q33049_Balochi,Q33049_Balochi : Language ;,Q33049_Balochi = mkNP Balochi_N ;,"Balochi_N : N = mkN ""Balochi"" ;"
http://www.wikidata.org/entity/Q33243,Q33243,Bambara,Q33243_Bambara,Q33243_Bambara : Language ;,Q33243_Bambara = mkNP Bambara_N ;,"Bambara_N : N = mkN ""Bambara"" ;"
http://www.wikidata.org/entity/Q9610,Q9610,Bangla,Q9610_Bangla,Q9610_Bangla : Language ;,Q9610_Bangla = mkNP Bangla_N ;,"Bangla_N : N = mkN ""Bangla"" ;"
http://www.wikidata.org/entity/Q33151,Q33151,Banjar,Q33151_Banjar,Q33151_Banjar : Language ;,Q33151_Banjar = mkNP Banjar_N ;,"Banjar_N : N = mkN ""Banjar"" ;"
http://www.wikidata.org/entity/Q33219,Q33219,Banyumasan Javanese,Q33219_Banyumasan_Javanese,Q33219_Banyumasan_Javanese : Language ;,Q33219_Banyumasan_Javanese = mkNP Banyumasan_Javanese_N ;,"Banyumasan_Javanese_N : N = mkN ""Banyumasan Javanese"" ;"
http://www.wikidata.org/entity/Q35107,Q35107,Baoulé,Q35107_Baoule,Q35107_Baoule : Language ;,Q35107_Baoule = mkNP Baoule_N ;,"Baoule_N : N = mkN ""Baoulé"" ;"
http://www.wikidata.org/entity/Q13389,Q13389,Bashkir,Q13389_Bashkir,Q13389_Bashkir : Language ;,Q13389_Bashkir = mkNP Bashkir_N ;,"Bashkir_N : N = mkN ""Bashkir"" ;"
http://www.wikidata.org/entity/Q29540,Q29540,Bavarian,Q29540_Bavarian,Q29540_Bavarian : Language ;,Q29540_Bavarian = mkNP Bavarian_N ;,"Bavarian_N : N = mkN ""Bavarian"" ;"
http://www.wikidata.org/entity/Q33025,Q33025,Beja,Q33025_Beja,Q33025_Beja : Language ;,Q33025_Beja = mkNP Beja_N ;,"Beja_N : N = mkN ""Beja"" ;"
http://www.wikidata.org/entity/Q9091,Q9091,Belarusian,Q9091_Belarusian,Q9091_Belarusian : Language ;,Q9091_Belarusian = mkNP Belarusian_N ;,"Belarusian_N : N = mkN ""Belarusian"" ;"
http://www.wikidata.org/entity/Q33052,Q33052,Bemba,Q33052_Bemba,Q33052_Bemba : Language ;,Q33052_Bemba = mkNP Bemba_N ;,"Bemba_N : N = mkN ""Bemba"" ;"
http://www.wikidata.org/entity/Q33229,Q33229,Bhili,Q33229_Bhili,Q33229_Bhili : Language ;,Q33229_Bhili = mkNP Bhili_N ;,"Bhili_N : N = mkN ""Bhili"" ;"
http://www.wikidata.org/entity/Q33268,Q33268,Bhojpuri,Q33268_Bhojpuri,Q33268_Bhojpuri : Language ;,Q33268_Bhojpuri = mkNP Bhojpuri_N ;,"Bhojpuri_N : N = mkN ""Bhojpuri"" ;"
http://www.wikidata.org/entity/Q33223,Q33223,Bodo,Q33223_Bodo,Q33223_Bodo : Language ;,Q33223_Bodo = mkNP Bodo_N ;,"Bodo_N : N = mkN ""Bodo"" ;"
http://www.wikidata.org/entity/Q25167,Q25167,Bokmål,Q25167_Bokmal,Q25167_Bokmal : Language ;,Q25167_Bokmal = mkNP Bokmal_N ;,"Bokmal_N : N = mkN ""Bokmål"" ;"
http://www.wikidata.org/entity/Q34831,Q34831,Bonol,Q34831_Bonol,Q34831_Bonol : Language ;,Q34831_Bonol = mkNP Bonol_N ;,"Bonol_N : N = mkN ""Bonol"" ;"
http://www.wikidata.org/entity/Q35100,Q35100,Bouyei,Q35100_Bouyei,Q35100_Bouyei : Language ;,Q35100_Bouyei = mkNP Bouyei_N ;,"Bouyei_N : N = mkN ""Bouyei"" ;"
http://www.wikidata.org/entity/Q33202,Q33202,Brahui,Q33202_Brahui,Q33202_Brahui : Language ;,Q33202_Brahui = mkNP Brahui_N ;,"Brahui_N : N = mkN ""Brahui"" ;"
http://www.wikidata.org/entity/Q3436689,Q3436689,Brazilian Sign Language,Q3436689_Brazilian_Sign_Language,Q3436689_Brazilian_Sign_Language : Language ;,Q3436689_Brazilian_Sign_Language = mkNP Brazilian_Sign_Language_N ;,"Brazilian_Sign_Language_N : N = mkN ""Brazilian Sign Language"" ;"
http://www.wikidata.org/entity/Q33190,Q33190,Bugis,Q33190_Bugis,Q33190_Bugis : Language ;,Q33190_Bugis = mkNP Bugis_N ;,"Bugis_N : N = mkN ""Bugis"" ;"
http://www.wikidata.org/entity/Q7918,Q7918,Bulgarian,Q7918_Bulgarian,Q7918_Bulgarian : Language ;,Q7918_Bulgarian = mkNP Bulgarian_N ;,"Bulgarian_N : N = mkN ""Bulgarian"" ;"
http://www.wikidata.org/entity/Q9228,Q9228,Burmese,Q9228_Burmese,Q9228_Burmese : Language ;,Q9228_Burmese = mkNP Burmese_N ;,"Burmese_N : N = mkN ""Burmese"" ;"
http://www.wikidata.org/entity/Q35541,Q35541,Cameroon Pidgin,Q35541_Cameroon_Pidgin,Q35541_Cameroon_Pidgin : Language ;,Q35541_Cameroon_Pidgin = mkNP Cameroon_Pidgin_N ;,"Cameroon_Pidgin_N : N = mkN ""Cameroon Pidgin"" ;"
http://www.wikidata.org/entity/Q9186,Q9186,Cantonese,Q9186_Cantonese,Q9186_Cantonese : Language ;,Q9186_Cantonese = mkNP Cantonese_N ;,"Cantonese_N : N = mkN ""Cantonese"" ;"
http://www.wikidata.org/entity/Q7026,Q7026,Catalan,Q7026_Catalan,Q7026_Catalan : Language ;,Q7026_Catalan = mkNP Catalan_N ;,"Catalan_N : N = mkN ""Catalan"" ;"
http://www.wikidata.org/entity/Q33239,Q33239,Cebuano,Q33239_Cebuano,Q33239_Cebuano : Language ;,Q33239_Cebuano = mkNP Cebuano_N ;,"Cebuano_N : N = mkN ""Cebuano"" ;"
http://www.wikidata.org/entity/Q49741,Q49741,Central Atlas Tamazight,Q49741_Central_Atlas_Tamazight,Q49741_Central_Atlas_Tamazight : Language ;,Q49741_Central_Atlas_Tamazight = mkNP Central_Atlas_Tamazight_N ;,"Central_Atlas_Tamazight_N : N = mkN ""Central Atlas Tamazight"" ;"
http://www.wikidata.org/entity/Q33284,Q33284,Central Bikol,Q33284_Central_Bikol,Q33284_Central_Bikol : Language ;,Q33284_Central_Bikol = mkNP Central_Bikol_N ;,"Central_Bikol_N : N = mkN ""Central Bikol"" ;"
http://www.wikidata.org/entity/Q5061628,Q5061628,Central Pashto,Q5061628_Central_Pashto,Q5061628_Central_Pashto : Language ;,Q5061628_Central_Pashto = mkNP Central_Pashto_N ;,"Central_Pashto_N : N = mkN ""Central Pashto"" ;"
http://www.wikidata.org/entity/Q33350,Q33350,Chechen,Q33350_Chechen,Q33350_Chechen : Language ;,Q33350_Chechen = mkNP Chechen_N ;,"Chechen_N : N = mkN ""Chechen"" ;"
http://www.wikidata.org/entity/Q33273,Q33273,Chewa,Q33273_Chewa,Q33273_Chewa : Language ;,Q33273_Chewa = mkNP Chewa_N ;,"Chewa_N : N = mkN ""Chewa"" ;"
http://www.wikidata.org/entity/Q33158,Q33158,Chhattisgarhi,Q33158_Chhattisgarhi,Q33158_Chhattisgarhi : Language ;,Q33158_Chhattisgarhi = mkNP Chhattisgarhi_N ;,"Chhattisgarhi_N : N = mkN ""Chhattisgarhi"" ;"
http://www.wikidata.org/entity/Q7850,Q7850,Chinese,Q7850_Chinese,Q7850_Chinese : Language ;,Q7850_Chinese = mkNP Chinese_N ;,"Chinese_N : N = mkN ""Chinese"" ;"
http://www.wikidata.org/entity/Q33173,Q33173,Chittagonian,Q33173_Chittagonian,Q33173_Chittagonian : Language ;,Q33173_Chittagonian = mkNP Chittagonian_N ;,"Chittagonian_N : N = mkN ""Chittagonian"" ;"
http://www.wikidata.org/entity/Q110276967,Q110276967,Ciamis Sundanese,Q110276967_Ciamis_Sundanese,Q110276967_Ciamis_Sundanese : Language ;,Q110276967_Ciamis_Sundanese = mkNP Ciamis_Sundanese_N ;,"Ciamis_Sundanese_N : N = mkN ""Ciamis Sundanese"" ;"
http://www.wikidata.org/entity/Q10961696,Q10961696,Congo Swahili,Q10961696_Congo_Swahili,Q10961696_Congo_Swahili : Language ;,Q10961696_Congo_Swahili = mkNP Congo_Swahili_N ;,"Congo_Swahili_N : N = mkN ""Congo Swahili"" ;"
http://www.wikidata.org/entity/Q6654,Q6654,Croatian,Q6654_Croatian,Q6654_Croatian : Language ;,Q6654_Croatian = mkNP Croatian_N ;,"Croatian_N : N = mkN ""Croatian"" ;"
http://www.wikidata.org/entity/Q35147,Q35147,Cusco Quechua,Q35147_Cusco_Quechua,Q35147_Cusco_Quechua : Language ;,Q35147_Cusco_Quechua = mkNP Cusco_Quechua_N ;,"Cusco_Quechua_N : N = mkN ""Cusco Quechua"" ;"
http://www.wikidata.org/entity/Q9056,Q9056,Czech,Q9056_Czech,Q9056_Czech : Language ;,Q9056_Czech = mkNP Czech_N ;,"Czech_N : N = mkN ""Czech"" ;"
http://www.wikidata.org/entity/Q35159,Q35159,Dagaare,Q35159_Dagaare,Q35159_Dagaare : Language ;,Q35159_Dagaare = mkNP Dagaare_N ;,"Dagaare_N : N = mkN ""Dagaare"" ;"
http://www.wikidata.org/entity/Q32238,Q32238,Dagbani,Q32238_Dagbani,Q32238_Dagbani : Language ;,Q32238_Dagbani = mkNP Dagbani_N ;,"Dagbani_N : N = mkN ""Dagbani"" ;"
http://www.wikidata.org/entity/Q669431,Q669431,Daknī,Q669431_Dakni,Q669431_Dakni : Language ;,Q669431_Dakni = mkNP Dakni_N ;,"Dakni_N : N = mkN ""Daknī"" ;"
http://www.wikidata.org/entity/Q9035,Q9035,Danish,Q9035_Danish,Q9035_Danish : Language ;,Q9035_Danish = mkNP Danish_N ;,"Danish_N : N = mkN ""Danish"" ;"
http://www.wikidata.org/entity/Q178440,Q178440,Dari,Q178440_Dari,Q178440_Dari : Language ;,Q178440_Dari = mkNP Dari_N ;,"Dari_N : N = mkN ""Dari"" ;"
http://www.wikidata.org/entity/Q5414796,Q5414796,Dholuo,Q5414796_Dholuo,Q5414796_Dholuo : Language ;,Q5414796_Dholuo = mkNP Dholuo_N ;,"Dholuo_N : N = mkN ""Dholuo"" ;"
http://www.wikidata.org/entity/Q633359,Q633359,Dhundari,Q633359_Dhundari,Q633359_Dhundari : Language ;,Q633359_Dhundari = mkNP Dhundari_N ;,"Dhundari_N : N = mkN ""Dhundari"" ;"
http://www.wikidata.org/entity/Q56466,Q56466,Dinka,Q56466_Dinka,Q56466_Dinka : Language ;,Q56466_Dinka = mkNP Dinka_N ;,"Dinka_N : N = mkN ""Dinka"" ;"
http://www.wikidata.org/entity/Q32706,Q32706,Dioula,Q32706_Dioula,Q32706_Dioula : Language ;,Q32706_Dioula = mkNP Dioula_N ;,"Dioula_N : N = mkN ""Dioula"" ;"
http://www.wikidata.org/entity/Q32730,Q32730,Dogri,Q32730_Dogri,Q32730_Dogri : Language ;,Q32730_Dogri = mkNP Dogri_N ;,"Dogri_N : N = mkN ""Dogri"" ;"
http://www.wikidata.org/entity/Q35394,Q35394,Domari,Q35394_Domari,Q35394_Domari : Language ;,Q35394_Domari = mkNP Domari_N ;,"Domari_N : N = mkN ""Domari"" ;"
http://www.wikidata.org/entity/Q7411,Q7411,Dutch,Q7411_Dutch,Q7411_Dutch : Language ;,Q7411_Dutch = mkNP Dutch_N ;,"Dutch_N : N = mkN ""Dutch"" ;"
http://www.wikidata.org/entity/Q36455,Q36455,Eastern Min,Q36455_Eastern_Min,Q36455_Eastern_Min : Language ;,Q36455_Eastern_Min = mkNP Eastern_Min_N ;,"Eastern_Min_N : N = mkN ""Eastern Min"" ;"
http://www.wikidata.org/entity/Q12953177,Q12953177,Eastern Tamang,Q12953177_Eastern_Tamang,Q12953177_Eastern_Tamang : Language ;,Q12953177_Eastern_Tamang = mkNP Eastern_Tamang_N ;,"Eastern_Tamang_N : N = mkN ""Eastern Tamang"" ;"
http://www.wikidata.org/entity/Q35375,Q35375,Edo,Q35375_Edo,Q35375_Edo : Language ;,Q35375_Edo = mkNP Edo_N ;,"Edo_N : N = mkN ""Edo"" ;"
http://www.wikidata.org/entity/Q35377,Q35377,Efik,Q35377_Efik,Q35377_Efik : Language ;,Q35377_Efik = mkNP Efik_N ;,"Efik_N : N = mkN ""Efik"" ;"
http://www.wikidata.org/entity/Q29919,Q29919,Egyptian Arabic,Q29919_Egyptian_Arabic,Q29919_Egyptian_Arabic : Language ;,Q29919_Egyptian_Arabic = mkNP Egyptian_Arabic_N ;,"Egyptian_Arabic_N : N = mkN ""Egyptian Arabic"" ;"
http://www.wikidata.org/entity/Q1057898,Q1057898,Emilian,Q1057898_Emilian,Q1057898_Emilian : Language ;,Q1057898_Emilian = mkNP Emilian_N ;,"Emilian_N : N = mkN ""Emilian"" ;"
http://www.wikidata.org/entity/Q242648,Q242648,Emilian–Romagnol,Q242648_Emilian_Romagnol,Q242648_Emilian_Romagnol : Language ;,Q242648_Emilian_Romagnol = mkNP Emilian_Romagnol_N ;,"Emilian_Romagnol_N : N = mkN ""Emilian–Romagnol"" ;"
http://www.wikidata.org/entity/Q1860,Q1860,English,Q1860_English,Q1860_English : Language ;,Q1860_English = mkNP English_N ;,"English_N : N = mkN ""English"" ;"
http://www.wikidata.org/entity/Q143,Q143,Esperanto,Q143_Esperanto,Q143_Esperanto : Language ;,Q143_Esperanto = mkNP Esperanto_N ;,"Esperanto_N : N = mkN ""Esperanto"" ;"
http://www.wikidata.org/entity/Q9072,Q9072,Estonian,Q9072_Estonian,Q9072_Estonian : Language ;,Q9072_Estonian = mkNP Estonian_N ;,"Estonian_N : N = mkN ""Estonian"" ;"
http://www.wikidata.org/entity/Q30005,Q30005,Ewe,Q30005_Ewe,Q30005_Ewe : Language ;,Q30005_Ewe = mkNP Ewe_N ;,"Ewe_N : N = mkN ""Ewe"" ;"
http://www.wikidata.org/entity/Q1412,Q1412,Finnish,Q1412_Finnish,Q1412_Finnish : Language ;,Q1412_Finnish = mkNP Finnish_N ;,"Finnish_N : N = mkN ""Finnish"" ;"
http://www.wikidata.org/entity/Q33291,Q33291,Fon,Q33291_Fon,Q33291_Fon : Language ;,Q33291_Fon = mkNP Fon_N ;,"Fon_N : N = mkN ""Fon"" ;"
http://www.wikidata.org/entity/Q150,Q150,French,Q150_French,Q150_French : Language ;,Q150_French = mkNP French_N ;,"French_N : N = mkN ""French"" ;"
http://www.wikidata.org/entity/Q33454,Q33454,Fula,Q33454_Fula,Q33454_Fula : Language ;,Q33454_Fula = mkNP Fula_N ;,"Fula_N : N = mkN ""Fula"" ;"
http://www.wikidata.org/entity/Q9307,Q9307,Galician,Q9307_Galician,Q9307_Galician : Language ;,Q9307_Galician = mkNP Galician_N ;,"Galician_N : N = mkN ""Galician"" ;"
http://www.wikidata.org/entity/Q56323,Q56323,Gamo-Gofa-Dawro,Q56323_Gamo_Gofa_Dawro,Q56323_Gamo_Gofa_Dawro : Language ;,Q56323_Gamo_Gofa_Dawro = mkNP Gamo_Gofa_Dawro_N ;,"Gamo_Gofa_Dawro_N : N = mkN ""Gamo-Gofa-Dawro"" ;"
http://www.wikidata.org/entity/Q33475,Q33475,Gan Chinese,Q33475_Gan_Chinese,Q33475_Gan_Chinese : Language ;,Q33475_Gan_Chinese = mkNP Gan_Chinese_N ;,"Gan_Chinese_N : N = mkN ""Gan Chinese"" ;"
http://www.wikidata.org/entity/Q33459,Q33459,Garhwali,Q33459_Garhwali,Q33459_Garhwali : Language ;,Q33459_Garhwali = mkNP Garhwali_N ;,"Garhwali_N : N = mkN ""Garhwali"" ;"
http://www.wikidata.org/entity/Q8108,Q8108,Georgian,Q8108_Georgian,Q8108_Georgian : Language ;,Q8108_Georgian = mkNP Georgian_N ;,"Georgian_N : N = mkN ""Georgian"" ;"
http://www.wikidata.org/entity/Q188,Q188,German,Q188_German,Q188_German : Language ;,Q188_German = mkNP German_N ;,"German_N : N = mkN ""German"" ;"
http://www.wikidata.org/entity/Q5555465,Q5555465,Ghanaian Pidgin English,Q5555465_Ghanaian_Pidgin_English,Q5555465_Ghanaian_Pidgin_English : Language ;,Q5555465_Ghanaian_Pidgin_English = mkNP Ghanaian_Pidgin_English_N ;,"Ghanaian_Pidgin_English_N : N = mkN ""Ghanaian Pidgin English"" ;"
http://www.wikidata.org/entity/Q33587,Q33587,Gikuyu,Q33587_Gikuyu,Q33587_Gikuyu : Language ;,Q33587_Gikuyu = mkNP Gikuyu_N ;,"Gikuyu_N : N = mkN ""Gikuyu"" ;"
http://www.wikidata.org/entity/Q33657,Q33657,Gilaki,Q33657_Gilaki,Q33657_Gilaki : Language ;,Q33657_Gilaki = mkNP Gilaki_N ;,"Gilaki_N : N = mkN ""Gilaki"" ;"
http://www.wikidata.org/entity/Q5575236,Q5575236,Goan Konkani,Q5575236_Goan_Konkani,Q5575236_Goan_Konkani : Language ;,Q5575236_Goan_Konkani = mkNP Goan_Konkani_N ;,"Goan_Konkani_N : N = mkN ""Goan Konkani"" ;"
http://www.wikidata.org/entity/Q1775361,Q1775361,Gondi,Q1775361_Gondi,Q1775361_Gondi : Language ;,Q1775361_Gondi = mkNP Gondi_N ;,"Gondi_N : N = mkN ""Gondi"" ;"
http://www.wikidata.org/entity/Q9129,Q9129,Greek,Q9129_Greek,Q9129_Greek : Language ;,Q9129_Greek = mkNP Greek_N ;,"Greek_N : N = mkN ""Greek"" ;"
http://www.wikidata.org/entity/Q5137,Q5137,Gujarati,Q5137_Gujarati,Q5137_Gujarati : Language ;,Q5137_Gujarati = mkNP Gujarati_N ;,"Gujarati_N : N = mkN ""Gujarati"" ;"
http://www.wikidata.org/entity/Q3111668,Q3111668,Gun,Q3111668_Gun,Q3111668_Gun : Language ;,Q3111668_Gun = mkNP Gun_N ;,"Gun_N : N = mkN ""Gun"" ;"
http://www.wikidata.org/entity/Q3510366,Q3510366,Hadhrami Arabic,Q3510366_Hadhrami_Arabic,Q3510366_Hadhrami_Arabic : Language ;,Q3510366_Hadhrami_Arabic = mkNP Hadhrami_Arabic_N ;,"Hadhrami_Arabic_N : N = mkN ""Hadhrami Arabic"" ;"
http://www.wikidata.org/entity/Q934541,Q934541,Hainanese,Q934541_Hainanese,Q934541_Hainanese : Language ;,Q934541_Hainanese = mkNP Hainanese_N ;,"Hainanese_N : N = mkN ""Hainanese"" ;"
http://www.wikidata.org/entity/Q33491,Q33491,Haitian Creole,Q33491_Haitian_Creole,Q33491_Haitian_Creole : Language ;,Q33491_Haitian_Creole = mkNP Haitian_Creole_N ;,"Haitian_Creole_N : N = mkN ""Haitian Creole"" ;"
http://www.wikidata.org/entity/Q33375,Q33375,Hakka Chinese,Q33375_Hakka_Chinese,Q33375_Hakka_Chinese : Language ;,Q33375_Hakka_Chinese = mkNP Hakka_Chinese_N ;,"Hakka_Chinese_N : N = mkN ""Hakka Chinese"" ;"
http://www.wikidata.org/entity/Q33410,Q33410,Haryanvi,Q33410_Haryanvi,Q33410_Haryanvi : Language ;,Q33410_Haryanvi = mkNP Haryanvi_N ;,"Haryanvi_N : N = mkN ""Haryanvi"" ;"
http://www.wikidata.org/entity/Q56231,Q56231,Hassaniya Arabic,Q56231_Hassaniya_Arabic,Q56231_Hassaniya_Arabic : Language ;,Q56231_Hassaniya_Arabic = mkNP Hassaniya_Arabic_N ;,"Hassaniya_Arabic_N : N = mkN ""Hassaniya Arabic"" ;"
http://www.wikidata.org/entity/Q56475,Q56475,Hausa,Q56475_Hausa,Q56475_Hausa : Language ;,Q56475_Hausa = mkNP Hausa_N ;,"Hausa_N : N = mkN ""Hausa"" ;"
http://www.wikidata.org/entity/Q33398,Q33398,Hazaragi,Q33398_Hazaragi,Q33398_Hazaragi : Language ;,Q33398_Hazaragi = mkNP Hazaragi_N ;,"Hazaragi_N : N = mkN ""Hazaragi"" ;"
http://www.wikidata.org/entity/Q9288,Q9288,Hebrew,Q9288_Hebrew,Q9288_Hebrew : Language ;,Q9288_Hebrew = mkNP Hebrew_N ;,"Hebrew_N : N = mkN ""Hebrew"" ;"
http://www.wikidata.org/entity/Q35978,Q35978,Hiligaynon,Q35978_Hiligaynon,Q35978_Hiligaynon : Language ;,Q35978_Hiligaynon = mkNP Hiligaynon_N ;,"Hiligaynon_N : N = mkN ""Hiligaynon"" ;"
http://www.wikidata.org/entity/Q382273,Q382273,Hindko,Q382273_Hindko,Q382273_Hindko : Language ;,Q382273_Hindko = mkNP Hindko_N ;,"Hindko_N : N = mkN ""Hindko"" ;"
http://www.wikidata.org/entity/Q3307894,Q3307894,Hmong,Q3307894_Hmong,Q3307894_Hmong : Language ;,Q3307894_Hmong = mkNP Hmong_N ;,"Hmong_N : N = mkN ""Hmong"" ;"
http://www.wikidata.org/entity/Q33270,Q33270,Ho,Q33270_Ho,Q33270_Ho : Language ;,Q33270_Ho = mkNP Ho_N ;,"Ho_N : N = mkN ""Ho"" ;"
http://www.wikidata.org/entity/Q56546,Q56546,Huizhou Chinese,Q56546_Huizhou_Chinese,Q56546_Huizhou_Chinese : Language ;,Q56546_Huizhou_Chinese = mkNP Huizhou_Chinese_N ;,"Huizhou_Chinese_N : N = mkN ""Huizhou Chinese"" ;"
http://www.wikidata.org/entity/Q9067,Q9067,Hungarian,Q9067_Hungarian,Q9067_Hungarian : Language ;,Q9067_Hungarian = mkNP Hungarian_N ;,"Hungarian_N : N = mkN ""Hungarian"" ;"
http://www.wikidata.org/entity/Q33424,Q33424,Iban,Q33424_Iban,Q33424_Iban : Language ;,Q33424_Iban = mkNP Iban_N ;,"Iban_N : N = mkN ""Iban"" ;"
http://www.wikidata.org/entity/Q33578,Q33578,Igbo,Q33578_Igbo,Q33578_Igbo : Language ;,Q33578_Igbo = mkNP Igbo_N ;,"Igbo_N : N = mkN ""Igbo"" ;"
http://www.wikidata.org/entity/Q35936,Q35936,Ilocano,Q35936_Ilocano,Q35936_Ilocano : Language ;,Q35936_Ilocano = mkNP Ilocano_N ;,"Ilocano_N : N = mkN ""Ilocano"" ;"
http://www.wikidata.org/entity/Q9240,Q9240,Indonesian,Q9240_Indonesian,Q9240_Indonesian : Language ;,Q9240_Indonesian = mkNP Indonesian_N ;,"Indonesian_N : N = mkN ""Indonesian"" ;"
http://www.wikidata.org/entity/Q3513637,Q3513637,Iranian Persian,Q3513637_Iranian_Persian,Q3513637_Iranian_Persian : Language ;,Q3513637_Iranian_Persian = mkNP Iranian_Persian_N ;,"Iranian_Persian_N : N = mkN ""Iranian Persian"" ;"
http://www.wikidata.org/entity/Q9142,Q9142,Irish,Q9142_Irish,Q9142_Irish : Language ;,Q9142_Irish = mkNP Irish_N ;,"Irish_N : N = mkN ""Irish"" ;"
http://www.wikidata.org/entity/Q33417,Q33417,Isan,Q33417_Isan,Q33417_Isan : Language ;,Q33417_Isan = mkNP Isan_N ;,"Isan_N : N = mkN ""Isan"" ;"
http://www.wikidata.org/entity/Q652,Q652,Italian,Q652_Italian,Q652_Italian : Language ;,Q652_Italian = mkNP Italian_N ;,"Italian_N : N = mkN ""Italian"" ;"
http://www.wikidata.org/entity/Q35939,Q35939,Jamaican Patois,Q35939_Jamaican_Patois,Q35939_Jamaican_Patois : Language ;,Q35939_Jamaican_Patois = mkNP Jamaican_Patois_N ;,"Jamaican_Patois_N : N = mkN ""Jamaican Patois"" ;"
http://www.wikidata.org/entity/Q5287,Q5287,Japanese,Q5287_Japanese,Q5287_Japanese : Language ;,Q5287_Japanese = mkNP Japanese_N ;,"Japanese_N : N = mkN ""Japanese"" ;"
http://www.wikidata.org/entity/Q33549,Q33549,Javanese,Q33549_Javanese,Q33549_Javanese : Language ;,Q33549_Javanese = mkNP Javanese_N ;,"Javanese_N : N = mkN ""Javanese"" ;"
http://www.wikidata.org/entity/Q56479,Q56479,Jin,Q56479_Jin,Q56479_Jin : Language ;,Q56479_Jin = mkNP Jin_N ;,"Jin_N : N = mkN ""Jin"" ;"
http://www.wikidata.org/entity/Q33522,Q33522,Kabardian,Q33522_Kabardian,Q33522_Kabardian : Language ;,Q33522_Kabardian = mkNP Kabardian_N ;,"Kabardian_N : N = mkN ""Kabardian"" ;"
http://www.wikidata.org/entity/Q35853,Q35853,Kabyle,Q35853_Kabyle,Q35853_Kabyle : Language ;,Q35853_Kabyle = mkNP Kabyle_N ;,"Kabyle_N : N = mkN ""Kabyle"" ;"
http://www.wikidata.org/entity/Q35379,Q35379,Kam,Q35379_Kam,Q35379_Kam : Language ;,Q35379_Kam = mkNP Kam_N ;,"Kam_N : N = mkN ""Kam"" ;"
http://www.wikidata.org/entity/Q2574767,Q2574767,Kamba,Q2574767_Kamba,Q2574767_Kamba : Language ;,Q2574767_Kamba = mkNP Kamba_N ;,"Kamba_N : N = mkN ""Kamba"" ;"
http://www.wikidata.org/entity/Q33673,Q33673,Kannada,Q33673_Kannada,Q33673_Kannada : Language ;,Q33673_Kannada = mkNP Kannada_N ;,"Kannada_N : N = mkN ""Kannada"" ;"
http://www.wikidata.org/entity/Q36094,Q36094,Kanuri,Q36094_Kanuri,Q36094_Kanuri : Language ;,Q36094_Kanuri = mkNP Kanuri_N ;,"Kanuri_N : N = mkN ""Kanuri"" ;"
http://www.wikidata.org/entity/Q36121,Q36121,Kapampangan,Q36121_Kapampangan,Q36121_Kapampangan : Language ;,Q36121_Kapampangan = mkNP Kapampangan_N ;,"Kapampangan_N : N = mkN ""Kapampangan"" ;"
http://www.wikidata.org/entity/Q3438770,Q3438770,Karai-karai,Q3438770_Karai_karai,Q3438770_Karai_karai : Language ;,Q3438770_Karai_karai = mkNP Karai_karai_N ;,"Karai_karai_N : N = mkN ""Karai-karai"" ;"
http://www.wikidata.org/entity/Q33720,Q33720,Karay-a,Q33720_Karay_a,Q33720_Karay_a : Language ;,Q33720_Karay_a = mkNP Karay_a_N ;,"Karay_a_N : N = mkN ""Karay-a"" ;"
http://www.wikidata.org/entity/Q1364815,Q1364815,Karenic,Q1364815_Karenic,Q1364815_Karenic : Language ;,Q1364815_Karenic = mkNP Karenic_N ;,"Karenic_N : N = mkN ""Karenic"" ;"
http://www.wikidata.org/entity/Q33552,Q33552,Kashmiri,Q33552_Kashmiri,Q33552_Kashmiri : Language ;,Q33552_Kashmiri = mkNP Kashmiri_N ;,"Kashmiri_N : N = mkN ""Kashmiri"" ;"
http://www.wikidata.org/entity/Q9252,Q9252,Kazakh,Q9252_Kazakh,Q9252_Kazakh : Language ;,Q9252_Kazakh = mkNP Kazakh_N ;,"Kazakh_N : N = mkN ""Kazakh"" ;"
http://www.wikidata.org/entity/Q1199751,Q1199751,Kelantan-Pattani Malay,Q1199751_Kelantan_Pattani_Malay,Q1199751_Kelantan_Pattani_Malay : Language ;,Q1199751_Kelantan_Pattani_Malay = mkNP Kelantan_Pattani_Malay_N ;,"Kelantan_Pattani_Malay_N : N = mkN ""Kelantan-Pattani Malay"" ;"
http://www.wikidata.org/entity/Q6399808,Q6399808,Khalkha Mongolian,Q6399808_Khalkha_Mongolian,Q6399808_Khalkha_Mongolian : Language ;,Q6399808_Khalkha_Mongolian = mkNP Khalkha_Mongolian_N ;,"Khalkha_Mongolian_N : N = mkN ""Khalkha Mongolian"" ;"
http://www.wikidata.org/entity/Q56601,Q56601,Khams Tibetan,Q56601_Khams_Tibetan,Q56601_Khams_Tibetan : Language ;,Q56601_Khams_Tibetan = mkNP Khams_Tibetan_N ;,"Khams_Tibetan_N : N = mkN ""Khams Tibetan"" ;"
http://www.wikidata.org/entity/Q33726,Q33726,Khandeshi,Q33726_Khandeshi,Q33726_Khandeshi : Language ;,Q33726_Khandeshi = mkNP Khandeshi_N ;,"Khandeshi_N : N = mkN ""Khandeshi"" ;"
http://www.wikidata.org/entity/Q9205,Q9205,Khmer,Q9205_Khmer,Q9205_Khmer : Language ;,Q9205_Khmer = mkNP Khmer_N ;,"Khmer_N : N = mkN ""Khmer"" ;"
http://www.wikidata.org/entity/Q3270727,Q3270727,Kiga,Q3270727_Kiga,Q3270727_Kiga : Language ;,Q3270727_Kiga = mkNP Kiga_N ;,"Kiga_N : N = mkN ""Kiga"" ;"
http://www.wikidata.org/entity/Q33573,Q33573,Kinyarwanda,Q33573_Kinyarwanda,Q33573_Kinyarwanda : Language ;,Q33573_Kinyarwanda = mkNP Kinyarwanda_N ;,"Kinyarwanda_N : N = mkN ""Kinyarwanda"" ;"
http://www.wikidata.org/entity/Q33583,Q33583,Kirundi,Q33583_Kirundi,Q33583_Kirundi : Language ;,Q33583_Kirundi = mkNP Kirundi_N ;,"Kirundi_N : N = mkN ""Kirundi"" ;"
http://www.wikidata.org/entity/Q33702,Q33702,Kongo,Q33702_Kongo,Q33702_Kongo : Language ;,Q33702_Kongo = mkNP Kongo_N ;,"Kongo_N : N = mkN ""Kongo"" ;"
http://www.wikidata.org/entity/Q6429269,Q6429269,Kongu Tamil,Q6429269_Kongu_Tamil,Q6429269_Kongu_Tamil : Language ;,Q6429269_Kongu_Tamil = mkNP Kongu_Tamil_N ;,"Kongu_Tamil_N : N = mkN ""Kongu Tamil"" ;"
http://www.wikidata.org/entity/Q34239,Q34239,Konkani,Q34239_Konkani,Q34239_Konkani : Language ;,Q34239_Konkani = mkNP Konkani_N ;,"Konkani_N : N = mkN ""Konkani"" ;"
http://www.wikidata.org/entity/Q9176,Q9176,Korean,Q9176_Korean,Q9176_Korean : Language ;,Q9176_Korean = mkNP Korean_N ;,"Korean_N : N = mkN ""Korean"" ;"
http://www.wikidata.org/entity/Q33529,Q33529,Kumaoni,Q33529_Kumaoni,Q33529_Kumaoni : Language ;,Q33529_Kumaoni = mkNP Kumaoni_N ;,"Kumaoni_N : N = mkN ""Kumaoni"" ;"
http://www.wikidata.org/entity/Q36368,Q36368,Kurdish,Q36368_Kurdish,Q36368_Kurdish : Language ;,Q36368_Kurdish = mkNP Kurdish_N ;,"Kurdish_N : N = mkN ""Kurdish"" ;"
http://www.wikidata.org/entity/Q36163,Q36163,Kurmanji,Q36163_Kurmanji,Q36163_Kurmanji : Language ;,Q36163_Kurmanji = mkNP Kurmanji_N ;,"Kurmanji_N : N = mkN ""Kurmanji"" ;"
http://www.wikidata.org/entity/Q33492,Q33492,Kurukh,Q33492_Kurukh,Q33492_Kurukh : Language ;,Q33492_Kurukh = mkNP Kurukh_N ;,"Kurukh_N : N = mkN ""Kurukh"" ;"
http://www.wikidata.org/entity/Q9255,Q9255,Kyrgyz,Q9255_Kyrgyz,Q9255_Kyrgyz : Language ;,Q9255_Kyrgyz = mkNP Kyrgyz_N ;,"Kyrgyz_N : N = mkN ""Kyrgyz"" ;"
http://www.wikidata.org/entity/Q36494,Q36494,K’iche’,Q36494_Kiche,Q36494_Kiche : Language ;,Q36494_Kiche = mkNP Kiche_N ;,"Kiche_N : N = mkN ""K’iche’"" ;"
http://www.wikidata.org/entity/Q56483,Q56483,Laki,Q56483_Laki,Q56483_Laki : Language ;,Q56483_Laki = mkNP Laki_N ;,"Laki_N : N = mkN ""Laki"" ;"
http://www.wikidata.org/entity/Q33474,Q33474,Lambadi,Q33474_Lambadi,Q33474_Lambadi : Language ;,Q33474_Lambadi = mkNP Lambadi_N ;,"Lambadi_N : N = mkN ""Lambadi"" ;"
http://www.wikidata.org/entity/Q35670,Q35670,Lango,Q35670_Lango,Q35670_Lango : Language ;,Q35670_Lango = mkNP Lango_N ;,"Lango_N : N = mkN ""Lango"" ;"
http://www.wikidata.org/entity/Q9211,Q9211,Lao,Q9211_Lao,Q9211_Lao : Language ;,Q9211_Lao = mkNP Lao_N ;,"Lao_N : N = mkN ""Lao"" ;"
http://www.wikidata.org/entity/Q9078,Q9078,Latvian,Q9078_Latvian,Q9078_Latvian : Language ;,Q9078_Latvian = mkNP Latvian_N ;,"Latvian_N : N = mkN ""Latvian"" ;"
http://www.wikidata.org/entity/Q56593,Q56593,Levantine Arabic,Q56593_Levantine_Arabic,Q56593_Levantine_Arabic : Language ;,Q56593_Levantine_Arabic = mkNP Levantine_Arabic_N ;,"Levantine_Arabic_N : N = mkN ""Levantine Arabic"" ;"
http://www.wikidata.org/entity/Q56503,Q56503,Libyan Arabic,Q56503_Libyan_Arabic,Q56503_Libyan_Arabic : Language ;,Q56503_Libyan_Arabic = mkNP Libyan_Arabic_N ;,"Libyan_Arabic_N : N = mkN ""Libyan Arabic"" ;"
http://www.wikidata.org/entity/Q102172,Q102172,Limburgish,Q102172_Limburgish,Q102172_Limburgish : Language ;,Q102172_Limburgish = mkNP Limburgish_N ;,"Limburgish_N : N = mkN ""Limburgish"" ;"
http://www.wikidata.org/entity/Q36217,Q36217,Lingala,Q36217_Lingala,Q36217_Lingala : Language ;,Q36217_Lingala = mkNP Lingala_N ;,"Lingala_N : N = mkN ""Lingala"" ;"
http://www.wikidata.org/entity/Q9083,Q9083,Lithuanian,Q9083_Lithuanian,Q9083_Lithuanian : Language ;,Q9083_Lithuanian = mkNP Lithuanian_N ;,"Lithuanian_N : N = mkN ""Lithuanian"" ;"
http://www.wikidata.org/entity/Q33754,Q33754,Lombard,Q33754_Lombard,Q33754_Lombard : Language ;,Q33754_Lombard = mkNP Lombard_N ;,"Lombard_N : N = mkN ""Lombard"" ;"
http://www.wikidata.org/entity/Q25433,Q25433,Low German,Q25433_Low_German,Q25433_Low_German : Language ;,Q25433_Low_German = mkNP Low_German_N ;,"Low_German_N : N = mkN ""Low German"" ;"
http://www.wikidata.org/entity/Q34173,Q34173,Luba-Kasai,Q34173_Luba_Kasai,Q34173_Luba_Kasai : Language ;,Q34173_Luba_Kasai = mkNP Luba_Kasai_N ;,"Luba_Kasai_N : N = mkN ""Luba-Kasai"" ;"
http://www.wikidata.org/entity/Q33368,Q33368,Luganda,Q33368_Luganda,Q33368_Luganda : Language ;,Q33368_Luganda = mkNP Luganda_N ;,"Luganda_N : N = mkN ""Luganda"" ;"
http://www.wikidata.org/entity/Q9296,Q9296,Macedonian,Q9296_Macedonian,Q9296_Macedonian : Language ;,Q9296_Macedonian = mkNP Macedonian_N ;,"Macedonian_N : N = mkN ""Macedonian"" ;"
http://www.wikidata.org/entity/Q36213,Q36213,Madurese,Q36213_Madurese,Q36213_Madurese : Language ;,Q36213_Madurese = mkNP Madurese_N ;,"Madurese_N : N = mkN ""Madurese"" ;"
http://www.wikidata.org/entity/Q33728,Q33728,Magahi,Q33728_Magahi,Q33728_Magahi : Language ;,Q33728_Magahi = mkNP Magahi_N ;,"Magahi_N : N = mkN ""Magahi"" ;"
http://www.wikidata.org/entity/Q33717,Q33717,Maguindanao,Q33717_Maguindanao,Q33717_Maguindanao : Language ;,Q33717_Maguindanao = mkNP Maguindanao_N ;,"Maguindanao_N : N = mkN ""Maguindanao"" ;"
http://www.wikidata.org/entity/Q36109,Q36109,Maithili,Q36109_Maithili,Q36109_Maithili : Language ;,Q36109_Maithili = mkNP Maithili_N ;,"Maithili_N : N = mkN ""Maithili"" ;"
http://www.wikidata.org/entity/Q33643,Q33643,Makassar,Q33643_Makassar,Q33643_Makassar : Language ;,Q33643_Makassar = mkNP Makassar_N ;,"Makassar_N : N = mkN ""Makassar"" ;"
http://www.wikidata.org/entity/Q33882,Q33882,Makhuwa,Q33882_Makhuwa,Q33882_Makhuwa : Language ;,Q33882_Makhuwa = mkNP Makhuwa_N ;,"Makhuwa_N : N = mkN ""Makhuwa"" ;"
http://www.wikidata.org/entity/Q35172,Q35172,Makonde,Q35172_Makonde,Q35172_Makonde : Language ;,Q35172_Makonde = mkNP Makonde_N ;,"Makonde_N : N = mkN ""Makonde"" ;"
http://www.wikidata.org/entity/Q7930,Q7930,Malagasy,Q7930_Malagasy,Q7930_Malagasy : Language ;,Q7930_Malagasy = mkNP Malagasy_N ;,"Malagasy_N : N = mkN ""Malagasy"" ;"
http://www.wikidata.org/entity/Q9237,Q9237,Malay,Q9237_Malay,Q9237_Malay : Language ;,Q9237_Malay = mkNP Malay_N ;,"Malay_N : N = mkN ""Malay"" ;"
http://www.wikidata.org/entity/Q36236,Q36236,Malayalam,Q36236_Malayalam,Q36236_Malayalam : Language ;,Q36236_Malayalam = mkNP Malayalam_N ;,"Malayalam_N : N = mkN ""Malayalam"" ;"
http://www.wikidata.org/entity/Q15065,Q15065,Malaysian Malay / Malaysian,Q15065_Malaysian_Malay__Malaysian,Q15065_Malaysian_Malay__Malaysian : Language ;,Q15065_Malaysian_Malay__Malaysian = mkNP Malaysian_Malay__Malaysian_N ;,"Malaysian_Malay__Malaysian_N : N = mkN ""Malaysian Malay / Malaysian"" ;"
http://www.wikidata.org/entity/Q33413,Q33413,Malvi,Q33413_Malvi,Q33413_Malvi : Language ;,Q33413_Malvi = mkNP Malvi_N ;,"Malvi_N : N = mkN ""Malvi"" ;"
http://www.wikidata.org/entity/Q2891049,Q2891049,Mandailing Batak,Q2891049_Mandailing_Batak,Q2891049_Mandailing_Batak : Language ;,Q2891049_Mandailing_Batak = mkNP Mandailing_Batak_N ;,"Mandailing_Batak_N : N = mkN ""Mandailing Batak"" ;"
http://www.wikidata.org/entity/Q9192,Q9192,Mandarin,Q9192_Mandarin,Q9192_Mandarin : Language ;,Q9192_Mandarin = mkNP Mandarin_N ;,"Mandarin_N : N = mkN ""Mandarin"" ;"
http://www.wikidata.org/entity/Q33678,Q33678,Mandinka,Q33678_Mandinka,Q33678_Mandinka : Language ;,Q33678_Mandinka = mkNP Mandinka_N ;,"Mandinka_N : N = mkN ""Mandinka"" ;"
http://www.wikidata.org/entity/Q36186,Q36186,Maninka,Q36186_Maninka,Q36186_Maninka : Language ;,Q36186_Maninka = mkNP Maninka_N ;,"Maninka_N : N = mkN ""Maninka"" ;"
http://www.wikidata.org/entity/Q33730,Q33730,Mapudungun,Q33730_Mapudungun,Q33730_Mapudungun : Language ;,Q33730_Mapudungun = mkNP Mapudungun_N ;,"Mapudungun_N : N = mkN ""Mapudungun"" ;"
http://www.wikidata.org/entity/Q1571,Q1571,Marathi,Q1571_Marathi,Q1571_Marathi : Language ;,Q1571_Marathi = mkNP Marathi_N ;,"Marathi_N : N = mkN ""Marathi"" ;"
http://www.wikidata.org/entity/Q65455884,Q65455884,Marwari,Q65455884_Marwari,Q65455884_Marwari : Language ;,Q65455884_Marwari = mkNP Marwari_N ;,"Marwari_N : N = mkN ""Marwari"" ;"
http://www.wikidata.org/entity/Q56312,Q56312,Marwari,Q56312_Marwari,Q56312_Marwari : Language ;,Q56312_Marwari = mkNP Marwari_N ;,"Marwari_N : N = mkN ""Marwari"" ;"
http://www.wikidata.org/entity/Q13356,Q13356,Mazanderani,Q13356_Mazanderani,Q13356_Mazanderani : Language ;,Q13356_Mazanderani = mkNP Mazanderani_N ;,"Mazanderani_N : N = mkN ""Mazanderani"" ;"
http://www.wikidata.org/entity/Q33868,Q33868,Meitei,Q33868_Meitei,Q33868_Meitei : Language ;,Q33868_Meitei = mkNP Meitei_N ;,"Meitei_N : N = mkN ""Meitei"" ;"
http://www.wikidata.org/entity/Q11732445,Q11732445,Merwari,Q11732445_Merwari,Q11732445_Merwari : Language ;,Q11732445_Merwari = mkNP Merwari_N ;,"Merwari_N : N = mkN ""Merwari"" ;"
http://www.wikidata.org/entity/Q56232,Q56232,Mesopotamian Arabic,Q56232_Mesopotamian_Arabic,Q56232_Mesopotamian_Arabic : Language ;,Q56232_Mesopotamian_Arabic = mkNP Mesopotamian_Arabic_N ;,"Mesopotamian_Arabic_N : N = mkN ""Mesopotamian Arabic"" ;"
http://www.wikidata.org/entity/Q2992857,Q2992857,Mewari,Q2992857_Mewari,Q2992857_Mewari : Language ;,Q2992857_Mewari = mkNP Mewari_N ;,"Mewari_N : N = mkN ""Mewari"" ;"
http://www.wikidata.org/entity/Q2605943,Q2605943,Mewati,Q2605943_Mewati,Q2605943_Mewati : Language ;,Q2605943_Mewati = mkNP Mewati_N ;,"Mewati_N : N = mkN ""Mewati"" ;"
http://www.wikidata.org/entity/Q33813,Q33813,Miao,Q33813_Miao,Q33813_Miao : Language ;,Q33813_Miao = mkNP Miao_N ;,"Miao_N : N = mkN ""Miao"" ;"
http://www.wikidata.org/entity/Q13324,Q13324,Minangkabau,Q13324_Minangkabau,Q13324_Minangkabau : Language ;,Q13324_Minangkabau = mkNP Minangkabau_N ;,"Minangkabau_N : N = mkN ""Minangkabau"" ;"
http://www.wikidata.org/entity/Q36510,Q36510,Modern Greek,Q36510_Modern_Greek,Q36510_Modern_Greek : Language ;,Q36510_Modern_Greek = mkNP Modern_Greek_N ;,"Modern_Greek_N : N = mkN ""Modern Greek"" ;"
http://www.wikidata.org/entity/Q9246,Q9246,Mongolian,Q9246_Mongolian,Q9246_Mongolian : Language ;,Q9246_Mongolian = mkNP Mongolian_N ;,"Mongolian_N : N = mkN ""Mongolian"" ;"
http://www.wikidata.org/entity/Q36096,Q36096,Mooré,Q36096_Moore,Q36096_Moore : Language ;,Q36096_Moore = mkNP Moore_N ;,"Moore_N : N = mkN ""Mooré"" ;"
http://www.wikidata.org/entity/Q56426,Q56426,Moroccan Arabic,Q56426_Moroccan_Arabic,Q56426_Moroccan_Arabic : Language ;,Q56426_Moroccan_Arabic = mkNP Moroccan_Arabic_N ;,"Moroccan_Arabic_N : N = mkN ""Moroccan Arabic"" ;"
http://www.wikidata.org/entity/Q3327828,Q3327828,Mundari,Q3327828_Mundari,Q3327828_Mundari : Language ;,Q3327828_Mundari = mkNP Mundari_N ;,"Mundari_N : N = mkN ""Mundari"" ;"
http://www.wikidata.org/entity/Q3236789,Q3236789,Muong,Q3236789_Muong,Q3236789_Muong : Language ;,Q3236789_Muong = mkNP Muong_N ;,"Muong_N : N = mkN ""Muong"" ;"
http://www.wikidata.org/entity/Q765922,Q765922,Nagpuri,Q765922_Nagpuri,Q765922_Nagpuri : Language ;,Q765922_Nagpuri = mkNP Nagpuri_N ;,"Nagpuri_N : N = mkN ""Nagpuri"" ;"
http://www.wikidata.org/entity/Q13300,Q13300,Nahuatl,Q13300_Nahuatl,Q13300_Nahuatl : Language ;,Q13300_Nahuatl = mkNP Nahuatl_N ;,"Nahuatl_N : N = mkN ""Nahuatl"" ;"
http://www.wikidata.org/entity/Q33845,Q33845,Neapolitan,Q33845_Neapolitan,Q33845_Neapolitan : Language ;,Q33845_Neapolitan = mkNP Neapolitan_N ;,"Neapolitan_N : N = mkN ""Neapolitan"" ;"
http://www.wikidata.org/entity/Q3915909,Q3915909,Negeri Sembilan Malay,Q3915909_Negeri_Sembilan_Malay,Q3915909_Negeri_Sembilan_Malay : Language ;,Q3915909_Negeri_Sembilan_Malay = mkNP Negeri_Sembilan_Malay_N ;,"Negeri_Sembilan_Malay_N : N = mkN ""Negeri Sembilan Malay"" ;"
http://www.wikidata.org/entity/Q33823,Q33823,Nepali,Q33823_Nepali,Q33823_Nepali : Language ;,Q33823_Nepali = mkNP Nepali_N ;,"Nepali_N : N = mkN ""Nepali"" ;"
http://www.wikidata.org/entity/Q56356571,Q56356571,New Persian,Q56356571_New_Persian,Q56356571_New_Persian : Language ;,Q56356571_New_Persian = mkNP New_Persian_N ;,"New_Persian_N : N = mkN ""New Persian"" ;"
http://www.wikidata.org/entity/Q36129,Q36129,Nigerian Fulfulde,Q36129_Nigerian_Fulfulde,Q36129_Nigerian_Fulfulde : Language ;,Q36129_Nigerian_Fulfulde = mkNP Nigerian_Fulfulde_N ;,"Nigerian_Fulfulde_N : N = mkN ""Nigerian Fulfulde"" ;"
http://www.wikidata.org/entity/Q33655,Q33655,Nigerian Pidgin,Q33655_Nigerian_Pidgin,Q33655_Nigerian_Pidgin : Language ;,Q33655_Nigerian_Pidgin = mkNP Nigerian_Pidgin_N ;,"Nigerian_Pidgin_N : N = mkN ""Nigerian Pidgin"" ;"
http://www.wikidata.org/entity/Q3502294,Q3502294,Nimadi,Q3502294_Nimadi,Q3502294_Nimadi : Language ;,Q3502294_Nimadi = mkNP Nimadi_N ;,"Nimadi_N : N = mkN ""Nimadi"" ;"
http://www.wikidata.org/entity/Q3515311,Q3515311,North Azerbaijani,Q3515311_North_Azerbaijani,Q3515311_North_Azerbaijani : Language ;,Q3515311_North_Azerbaijani = mkNP North_Azerbaijani_N ;,"North_Azerbaijani_N : N = mkN ""North Azerbaijani"" ;"
http://www.wikidata.org/entity/Q22809485,Q22809485,North Levantine Arabic,Q22809485_North_Levantine_Arabic,Q22809485_North_Levantine_Arabic : Language ;,Q22809485_North_Levantine_Arabic = mkNP North_Levantine_Arabic_N ;,"North_Levantine_Arabic_N : N = mkN ""North Levantine Arabic"" ;"
http://www.wikidata.org/entity/Q3502234,Q3502234,Northern Khmer,Q3502234_Northern_Khmer,Q3502234_Northern_Khmer : Language ;,Q3502234_Northern_Khmer = mkNP Northern_Khmer_N ;,"Northern_Khmer_N : N = mkN ""Northern Khmer"" ;"
http://www.wikidata.org/entity/Q19933293,Q19933293,Northern Luri,Q19933293_Northern_Luri,Q19933293_Northern_Luri : Language ;,Q19933293_Northern_Luri = mkNP Northern_Luri_N ;,"Northern_Luri_N : N = mkN ""Northern Luri"" ;"
http://www.wikidata.org/entity/Q36457,Q36457,Northern Min,Q36457_Northern_Min,Q36457_Northern_Min : Language ;,Q36457_Northern_Min = mkNP Northern_Min_N ;,"Northern_Min_N : N = mkN ""Northern Min"" ;"
http://www.wikidata.org/entity/Q35613,Q35613,Northern Ndebele,Q35613_Northern_Ndebele,Q35613_Northern_Ndebele : Language ;,Q35613_Northern_Ndebele = mkNP Northern_Ndebele_N ;,"Northern_Ndebele_N : N = mkN ""Northern Ndebele"" ;"
http://www.wikidata.org/entity/Q12642194,Q12642194,Northern Pashto,Q12642194_Northern_Pashto,Q12642194_Northern_Pashto : Language ;,Q12642194_Northern_Pashto = mkNP Northern_Pashto_N ;,"Northern_Pashto_N : N = mkN ""Northern Pashto"" ;"
http://www.wikidata.org/entity/Q33890,Q33890,Northern Sotho,Q33890_Northern_Sotho,Q33890_Northern_Sotho : Language ;,Q33890_Northern_Sotho = mkNP Northern_Sotho_N ;,"Northern_Sotho_N : N = mkN ""Northern Sotho"" ;"
http://www.wikidata.org/entity/Q565110,Q565110,Northern Thai,Q565110_Northern_Thai,Q565110_Northern_Thai : Language ;,Q565110_Northern_Thai = mkNP Northern_Thai_N ;,"Northern_Thai_N : N = mkN ""Northern Thai"" ;"
http://www.wikidata.org/entity/Q9043,Q9043,Norwegian,Q9043_Norwegian,Q9043_Norwegian : Language ;,Q9043_Norwegian = mkNP Norwegian_N ;,"Norwegian_N : N = mkN ""Norwegian"" ;"
http://www.wikidata.org/entity/Q34235,Q34235,Nuosu,Q34235_Nuosu,Q34235_Nuosu : Language ;,Q34235_Nuosu = mkNP Nuosu_N ;,"Nuosu_N : N = mkN ""Nuosu"" ;"
http://www.wikidata.org/entity/Q33810,Q33810,Odia,Q33810_Odia,Q33810_Odia : Language ;,Q33810_Odia = mkNP Odia_N ;,"Odia_N : N = mkN ""Odia"" ;"
http://www.wikidata.org/entity/Q33864,Q33864,Oromo,Q33864_Oromo,Q33864_Oromo : Language ;,Q33864_Oromo = mkNP Oromo_N ;,"Oromo_N : N = mkN ""Oromo"" ;"
http://www.wikidata.org/entity/Q33879,Q33879,Pangasinan,Q33879_Pangasinan,Q33879_Pangasinan : Language ;,Q33879_Pangasinan = mkNP Pangasinan_N ;,"Pangasinan_N : N = mkN ""Pangasinan"" ;"
http://www.wikidata.org/entity/Q58680,Q58680,Pashto,Q58680_Pashto,Q58680_Pashto : Language ;,Q58680_Pashto = mkNP Pashto_N ;,"Pashto_N : N = mkN ""Pashto"" ;"
http://www.wikidata.org/entity/Q9168,Q9168,Persian,Q9168_Persian,Q9168_Persian : Language ;,Q9168_Persian = mkNP Persian_N ;,"Persian_N : N = mkN ""Persian"" ;"
http://www.wikidata.org/entity/Q15085,Q15085,Piedmontese,Q15085_Piedmontese,Q15085_Piedmontese : Language ;,Q15085_Piedmontese = mkNP Piedmontese_N ;,"Piedmontese_N : N = mkN ""Piedmontese"" ;"
http://www.wikidata.org/entity/Q809,Q809,Polish,Q809_Polish,Q809_Polish : Language ;,Q809_Polish = mkNP Polish_N ;,"Polish_N : N = mkN ""Polish"" ;"
http://www.wikidata.org/entity/Q5146,Q5146,Portuguese,Q5146_Portuguese,Q5146_Portuguese : Language ;,Q5146_Portuguese = mkNP Portuguese_N ;,"Portuguese_N : N = mkN ""Portuguese"" ;"
http://www.wikidata.org/entity/Q56583,Q56583,Pu-Xian Min,Q56583_Pu_Xian_Min,Q56583_Pu_Xian_Min : Language ;,Q56583_Pu_Xian_Min = mkNP Pu_Xian_Min_N ;,"Pu_Xian_Min_N : N = mkN ""Pu-Xian Min"" ;"
http://www.wikidata.org/entity/Q1420205,Q1420205,Pulaar,Q1420205_Pulaar,Q1420205_Pulaar : Language ;,Q1420205_Pulaar = mkNP Pulaar_N ;,"Pulaar_N : N = mkN ""Pulaar"" ;"
http://www.wikidata.org/entity/Q58635,Q58635,Punjabi,Q58635_Punjabi,Q58635_Punjabi : Language ;,Q58635_Punjabi = mkNP Punjabi_N ;,"Punjabi_N : N = mkN ""Punjabi"" ;"
http://www.wikidata.org/entity/Q5218,Q5218,Quechua,Q5218_Quechua,Q5218_Quechua : Language ;,Q5218_Quechua = mkNP Quechua_N ;,"Quechua_N : N = mkN ""Quechua"" ;"
http://www.wikidata.org/entity/Q13196,Q13196,Rajasthani,Q13196_Rajasthani,Q13196_Rajasthani : Language ;,Q13196_Rajasthani = mkNP Rajasthani_N ;,"Rajasthani_N : N = mkN ""Rajasthani"" ;"
http://www.wikidata.org/entity/Q3241177,Q3241177,Rohingya,Q3241177_Rohingya,Q3241177_Rohingya : Language ;,Q3241177_Rohingya = mkNP Rohingya_N ;,"Rohingya_N : N = mkN ""Rohingya"" ;"
http://www.wikidata.org/entity/Q1641543,Q1641543,Romagnol,Q1641543_Romagnol,Q1641543_Romagnol : Language ;,Q1641543_Romagnol = mkNP Romagnol_N ;,"Romagnol_N : N = mkN ""Romagnol"" ;"
http://www.wikidata.org/entity/Q13201,Q13201,Romani,Q13201_Romani,Q13201_Romani : Language ;,Q13201_Romani = mkNP Romani_N ;,"Romani_N : N = mkN ""Romani"" ;"
http://www.wikidata.org/entity/Q7913,Q7913,Romanian,Q7913_Romanian,Q7913_Romanian : Language ;,Q7913_Romanian = mkNP Romanian_N ;,"Romanian_N : N = mkN ""Romanian"" ;"
http://www.wikidata.org/entity/Q13207,Q13207,Runyankole,Q13207_Runyankole,Q13207_Runyankole : Language ;,Q13207_Runyankole = mkNP Runyankole_N ;,"Runyankole_N : N = mkN ""Runyankole"" ;"
http://www.wikidata.org/entity/Q7737,Q7737,Russian,Q7737_Russian,Q7737_Russian : Language ;,Q7737_Russian = mkNP Russian_N ;,"Russian_N : N = mkN ""Russian"" ;"
http://www.wikidata.org/entity/Q56410,Q56410,S'gaw Karen,Q56410_Sgaw_Karen,Q56410_Sgaw_Karen : Language ;,Q56410_Sgaw_Karen = mkNP Sgaw_Karen_N ;,"Sgaw_Karen_N : N = mkN ""S'gaw Karen"" ;"
http://www.wikidata.org/entity/Q10867404,Q10867404,Sabah Malay,Q10867404_Sabah_Malay,Q10867404_Sabah_Malay : Language ;,Q10867404_Sabah_Malay = mkNP Sabah_Malay_N ;,"Sabah_Malay_N : N = mkN ""Sabah Malay"" ;"
http://www.wikidata.org/entity/Q6433240,Q6433240,Sambalpuri,Q6433240_Sambalpuri,Q6433240_Sambalpuri : Language ;,Q6433240_Sambalpuri = mkNP Sambalpuri_N ;,"Sambalpuri_N : N = mkN ""Sambalpuri"" ;"
http://www.wikidata.org/entity/Q33954,Q33954,Sango,Q33954_Sango,Q33954_Sango : Language ;,Q33954_Sango = mkNP Sango_N ;,"Sango_N : N = mkN ""Sango"" ;"
http://www.wikidata.org/entity/Q33965,Q33965,Santali,Q33965_Santali,Q33965_Santali : Language ;,Q33965_Santali = mkNP Santali_N ;,"Santali_N : N = mkN ""Santali"" ;"
http://www.wikidata.org/entity/Q56578,Q56578,Sanʽani Arabic,Q56578_Sanani_Arabic,Q56578_Sanani_Arabic : Language ;,Q56578_Sanani_Arabic = mkNP Sanani_Arabic_N ;,"Sanani_Arabic_N : N = mkN ""Sanʽani Arabic"" ;"
http://www.wikidata.org/entity/Q33902,Q33902,Saraiki,Q33902_Saraiki,Q33902_Saraiki : Language ;,Q33902_Saraiki = mkNP Saraiki_N ;,"Saraiki_N : N = mkN ""Saraiki"" ;"
http://www.wikidata.org/entity/Q33976,Q33976,Sardinian,Q33976_Sardinian,Q33976_Sardinian : Language ;,Q33976_Sardinian = mkNP Sardinian_N ;,"Sardinian_N : N = mkN ""Sardinian"" ;"
http://www.wikidata.org/entity/Q1294047,Q1294047,Sasak,Q1294047_Sasak,Q1294047_Sasak : Language ;,Q1294047_Sasak = mkNP Sasak_N ;,"Sasak_N : N = mkN ""Sasak"" ;"
http://www.wikidata.org/entity/Q56592,Q56592,Saʽidi Arabic,Q56592_Saidi_Arabic,Q56592_Saidi_Arabic : Language ;,Q56592_Saidi_Arabic = mkNP Saidi_Arabic_N ;,"Saidi_Arabic_N : N = mkN ""Saʽidi Arabic"" ;"
http://www.wikidata.org/entity/Q14549,Q14549,Scots,Q14549_Scots,Q14549_Scots : Language ;,Q14549_Scots = mkNP Scots_N ;,"Scots_N : N = mkN ""Scots"" ;"
http://www.wikidata.org/entity/Q2707343,Q2707343,Sebat Bet Gurage,Q2707343_Sebat_Bet_Gurage,Q2707343_Sebat_Bet_Gurage : Language ;,Q2707343_Sebat_Bet_Gurage = mkNP Sebat_Bet_Gurage_N ;,"Sebat_Bet_Gurage_N : N = mkN ""Sebat Bet Gurage"" ;"
http://www.wikidata.org/entity/Q9299,Q9299,Serbian,Q9299_Serbian,Q9299_Serbian : Language ;,Q9299_Serbian = mkNP Serbian_N ;,"Serbian_N : N = mkN ""Serbian"" ;"
http://www.wikidata.org/entity/Q9301,Q9301,Serbo-Croatian,Q9301_Serbo_Croatian,Q9301_Serbo_Croatian : Language ;,Q9301_Serbo_Croatian = mkNP Serbo_Croatian_N ;,"Serbo_Croatian_N : N = mkN ""Serbo-Croatian"" ;"
http://www.wikidata.org/entity/Q36284,Q36284,Serer,Q36284_Serer,Q36284_Serer : Language ;,Q36284_Serer = mkNP Serer_N ;,"Serer_N : N = mkN ""Serer"" ;"
http://www.wikidata.org/entity/Q34340,Q34340,Sesotho,Q34340_Sesotho,Q34340_Sesotho : Language ;,Q34340_Sesotho = mkNP Sesotho_N ;,"Sesotho_N : N = mkN ""Sesotho"" ;"
http://www.wikidata.org/entity/Q56482,Q56482,Shan,Q56482_Shan,Q56482_Shan : Language ;,Q56482_Shan = mkNP Shan_N ;,"Shan_N : N = mkN ""Shan"" ;"
http://www.wikidata.org/entity/Q33274,Q33274,Shawiya,Q33274_Shawiya,Q33274_Shawiya : Language ;,Q33274_Shawiya = mkNP Shawiya_N ;,"Shawiya_N : N = mkN ""Shawiya"" ;"
http://www.wikidata.org/entity/Q36486,Q36486,Shilluk,Q36486_Shilluk,Q36486_Shilluk : Language ;,Q36486_Shilluk = mkNP Shilluk_N ;,"Shilluk_N : N = mkN ""Shilluk"" ;"
http://www.wikidata.org/entity/Q34004,Q34004,Shona,Q34004_Shona,Q34004_Shona : Language ;,Q34004_Shona = mkNP Shona_N ;,"Shona_N : N = mkN ""Shona"" ;"
http://www.wikidata.org/entity/Q56497,Q56497,Shuwa,Q56497_Shuwa,Q56497_Shuwa : Language ;,Q56497_Shuwa = mkNP Shuwa_N ;,"Shuwa_N : N = mkN ""Shuwa"" ;"
http://www.wikidata.org/entity/Q33973,Q33973,Sicilian,Q33973_Sicilian,Q33973_Sicilian : Language ;,Q33973_Sicilian = mkNP Sicilian_N ;,"Sicilian_N : N = mkN ""Sicilian"" ;"
http://www.wikidata.org/entity/Q33786,Q33786,Sidamo,Q33786_Sidamo,Q33786_Sidamo : Language ;,Q33786_Sidamo = mkNP Sidamo_N ;,"Sidamo_N : N = mkN ""Sidamo"" ;"
http://www.wikidata.org/entity/Q33997,Q33997,Sindhi,Q33997_Sindhi,Q33997_Sindhi : Language ;,Q33997_Sindhi = mkNP Sindhi_N ;,"Sindhi_N : N = mkN ""Sindhi"" ;"
http://www.wikidata.org/entity/Q13267,Q13267,Sinhala,Q13267_Sinhala,Q13267_Sinhala : Language ;,Q13267_Sinhala = mkNP Sinhala_N ;,"Sinhala_N : N = mkN ""Sinhala"" ;"
http://www.wikidata.org/entity/Q9058,Q9058,Slovak,Q9058_Slovak,Q9058_Slovak : Language ;,Q9058_Slovak = mkNP Slovak_N ;,"Slovak_N : N = mkN ""Slovak"" ;"
http://www.wikidata.org/entity/Q9063,Q9063,Slovene,Q9063_Slovene,Q9063_Slovene : Language ;,Q9063_Slovene = mkNP Slovene_N ;,"Slovene_N : N = mkN ""Slovene"" ;"
http://www.wikidata.org/entity/Q13275,Q13275,Somali,Q13275_Somali,Q13275_Somali : Language ;,Q13275_Somali = mkNP Somali_N ;,"Somali_N : N = mkN ""Somali"" ;"
http://www.wikidata.org/entity/Q36660,Q36660,Soninke,Q36660_Soninke,Q36660_Soninke : Language ;,Q36660_Soninke = mkNP Soninke_N ;,"Soninke_N : N = mkN ""Soninke"" ;"
http://www.wikidata.org/entity/Q36811,Q36811,Sorani,Q36811_Sorani,Q36811_Sorani : Language ;,Q36811_Sorani = mkNP Sorani_N ;,"Sorani_N : N = mkN ""Sorani"" ;"
http://www.wikidata.org/entity/Q3449805,Q3449805,South Azerbaijani,Q3449805_South_Azerbaijani,Q3449805_South_Azerbaijani : Language ;,Q3449805_South_Azerbaijani = mkNP South_Azerbaijani_N ;,"South_Azerbaijani_N : N = mkN ""South Azerbaijani"" ;"
http://www.wikidata.org/entity/Q1307730,Q1307730,South Bolivian Quechua,Q1307730_South_Bolivian_Quechua,Q1307730_South_Bolivian_Quechua : Language ;,Q1307730_South_Bolivian_Quechua = mkNP South_Bolivian_Quechua_N ;,"South_Bolivian_Quechua_N : N = mkN ""South Bolivian Quechua"" ;"
http://www.wikidata.org/entity/Q55633582,Q55633582,South Levantine Arabic,Q55633582_South_Levantine_Arabic,Q55633582_South_Levantine_Arabic : Language ;,Q55633582_South_Levantine_Arabic = mkNP South_Levantine_Arabic_N ;,"South_Levantine_Arabic_N : N = mkN ""South Levantine Arabic"" ;"
http://www.wikidata.org/entity/Q1496597,Q1496597,Southern Kurdish,Q1496597_Southern_Kurdish,Q1496597_Southern_Kurdish : Language ;,Q1496597_Southern_Kurdish = mkNP Southern_Kurdish_N ;,"Southern_Kurdish_N : N = mkN ""Southern Kurdish"" ;"
http://www.wikidata.org/entity/Q36495,Q36495,Southern Min,Q36495_Southern_Min,Q36495_Southern_Min : Language ;,Q36495_Southern_Min = mkNP Southern_Min_N ;,"Southern_Min_N : N = mkN ""Southern Min"" ;"
http://www.wikidata.org/entity/Q16112855,Q16112855,Southern Pashto,Q16112855_Southern_Pashto,Q16112855_Southern_Pashto : Language ;,Q16112855_Southern_Pashto = mkNP Southern_Pashto_N ;,"Southern_Pashto_N : N = mkN ""Southern Pashto"" ;"
http://www.wikidata.org/entity/Q56508,Q56508,Southern Thai,Q56508_Southern_Thai,Q56508_Southern_Thai : Language ;,Q56508_Southern_Thai = mkNP Southern_Thai_N ;,"Southern_Thai_N : N = mkN ""Southern Thai"" ;"
http://www.wikidata.org/entity/Q1066787,Q1066787,Southern Uzbek,Q1066787_Southern_Uzbek,Q1066787_Southern_Uzbek : Language ;,Q1066787_Southern_Uzbek = mkNP Southern_Uzbek_N ;,"Southern_Uzbek_N : N = mkN ""Southern Uzbek"" ;"
http://www.wikidata.org/entity/Q1321,Q1321,Spanish,Q1321_Spanish,Q1321_Spanish : Language ;,Q1321_Spanish = mkNP Spanish_N ;,"Spanish_N : N = mkN ""Spanish"" ;"
http://www.wikidata.org/entity/Q727694,Q727694,Standard Chinese,Q727694_Standard_Chinese,Q727694_Standard_Chinese : Language ;,Q727694_Standard_Chinese = mkNP Standard_Chinese_N ;,"Standard_Chinese_N : N = mkN ""Standard Chinese"" ;"
http://www.wikidata.org/entity/Q12361545,Q12361545,Standard Estonian,Q12361545_Standard_Estonian,Q12361545_Standard_Estonian : Language ;,Q12361545_Standard_Estonian = mkNP Standard_Estonian_N ;,"Standard_Estonian_N : N = mkN ""Standard Estonian"" ;"
http://www.wikidata.org/entity/Q110620923,Q110620923,Standard Indonesian,Q110620923_Standard_Indonesian,Q110620923_Standard_Indonesian : Language ;,Q110620923_Standard_Indonesian = mkNP Standard_Indonesian_N ;,"Standard_Indonesian_N : N = mkN ""Standard Indonesian"" ;"
http://www.wikidata.org/entity/Q17993025,Q17993025,Standard Persian,Q17993025_Standard_Persian,Q17993025_Standard_Persian : Language ;,Q17993025_Standard_Persian = mkNP Standard_Persian_N ;,"Standard_Persian_N : N = mkN ""Standard Persian"" ;"
http://www.wikidata.org/entity/Q56573,Q56573,Sudanese Arabic,Q56573_Sudanese_Arabic,Q56573_Sudanese_Arabic : Language ;,Q56573_Sudanese_Arabic = mkNP Sudanese_Arabic_N ;,"Sudanese_Arabic_N : N = mkN ""Sudanese Arabic"" ;"
http://www.wikidata.org/entity/Q2638144,Q2638144,Sukuma,Q2638144_Sukuma,Q2638144_Sukuma : Language ;,Q2638144_Sukuma = mkNP Sukuma_N ;,"Sukuma_N : N = mkN ""Sukuma"" ;"
http://www.wikidata.org/entity/Q34002,Q34002,Sundanese,Q34002_Sundanese,Q34002_Sundanese : Language ;,Q34002_Sundanese = mkNP Sundanese_N ;,"Sundanese_N : N = mkN ""Sundanese"" ;"
http://www.wikidata.org/entity/Q33990,Q33990,Susu,Q33990_Susu,Q33990_Susu : Language ;,Q33990_Susu = mkNP Susu_N ;,"Susu_N : N = mkN ""Susu"" ;"
http://www.wikidata.org/entity/Q7838,Q7838,Swahili,Q7838_Swahili,Q7838_Swahili : Language ;,Q7838_Swahili = mkNP Swahili_N ;,"Swahili_N : N = mkN ""Swahili"" ;"
http://www.wikidata.org/entity/Q3197533,Q3197533,Swahili,Q3197533_Swahili,Q3197533_Swahili : Language ;,Q3197533_Swahili = mkNP Swahili_N ;,"Swahili_N : N = mkN ""Swahili"" ;"
http://www.wikidata.org/entity/Q34014,Q34014,Swazi,Q34014_Swazi,Q34014_Swazi : Language ;,Q34014_Swazi = mkNP Swazi_N ;,"Swazi_N : N = mkN ""Swazi"" ;"
http://www.wikidata.org/entity/Q9027,Q9027,Swedish,Q9027_Swedish,Q9027_Swedish : Language ;,Q9027_Swedish = mkNP Swedish_N ;,"Swedish_N : N = mkN ""Swedish"" ;"
http://www.wikidata.org/entity/Q387066,Q387066,Swiss German,Q387066_Swiss_German,Q387066_Swiss_German : Language ;,Q387066_Swiss_German = mkNP Swiss_German_N ;,"Swiss_German_N : N = mkN ""Swiss German"" ;"
http://www.wikidata.org/entity/Q2044560,Q2044560,Sylheti,Q2044560_Sylheti,Q2044560_Sylheti : Language ;,Q2044560_Sylheti = mkNP Sylheti_N ;,"Sylheti_N : N = mkN ""Sylheti"" ;"
http://www.wikidata.org/entity/Q34152,Q34152,Tachelhit,Q34152_Tachelhit,Q34152_Tachelhit : Language ;,Q34152_Tachelhit = mkNP Tachelhit_N ;,"Tachelhit_N : N = mkN ""Tachelhit"" ;"
http://www.wikidata.org/entity/Q34057,Q34057,Tagalog,Q34057_Tagalog,Q34057_Tagalog : Language ;,Q34057_Tagalog = mkNP Tagalog_N ;,"Tagalog_N : N = mkN ""Tagalog"" ;"
http://www.wikidata.org/entity/Q9260,Q9260,Tajik,Q9260_Tajik,Q9260_Tajik : Language ;,Q9260_Tajik = mkNP Tajik_N ;,"Tajik_N : N = mkN ""Tajik"" ;"
http://www.wikidata.org/entity/Q5885,Q5885,Tamil,Q5885_Tamil,Q5885_Tamil : Language ;,Q5885_Tamil = mkNP Tamil_N ;,"Tamil_N : N = mkN ""Tamil"" ;"
http://www.wikidata.org/entity/Q34174,Q34174,Tarifit,Q34174_Tarifit,Q34174_Tarifit : Language ;,Q34174_Tarifit = mkNP Tarifit_N ;,"Tarifit_N : N = mkN ""Tarifit"" ;"
http://www.wikidata.org/entity/Q25285,Q25285,Tatar,Q25285_Tatar,Q25285_Tatar : Language ;,Q25285_Tatar = mkNP Tatar_N ;,"Tatar_N : N = mkN ""Tatar"" ;"
http://www.wikidata.org/entity/Q34142,Q34142,Tausug,Q34142_Tausug,Q34142_Tausug : Language ;,Q34142_Tausug = mkNP Tausug_N ;,"Tausug_N : N = mkN ""Tausug"" ;"
http://www.wikidata.org/entity/Q56579,Q56579,Taʽizzi-Adeni Arabic,Q56579_Taizzi_Adeni_Arabic,Q56579_Taizzi_Adeni_Arabic : Language ;,Q56579_Taizzi_Adeni_Arabic = mkNP Taizzi_Adeni_Arabic_N ;,"Taizzi_Adeni_Arabic_N : N = mkN ""Taʽizzi-Adeni Arabic"" ;"
http://www.wikidata.org/entity/Q8097,Q8097,Telugu,Q8097_Telugu,Q8097_Telugu : Language ;,Q8097_Telugu = mkNP Telugu_N ;,"Telugu_N : N = mkN ""Telugu"" ;"
http://www.wikidata.org/entity/Q9217,Q9217,Thai,Q9217_Thai,Q9217_Thai : Language ;,Q9217_Thai = mkNP Thai_N ;,"Thai_N : N = mkN ""Thai"" ;"
http://www.wikidata.org/entity/Q34271,Q34271,Tibetan,Q34271_Tibetan,Q34271_Tibetan : Language ;,Q34271_Tibetan = mkNP Tibetan_N ;,"Tibetan_N : N = mkN ""Tibetan"" ;"
http://www.wikidata.org/entity/Q34124,Q34124,Tigrinya,Q34124_Tigrinya,Q34124_Tigrinya : Language ;,Q34124_Tigrinya = mkNP Tigrinya_N ;,"Tigrinya_N : N = mkN ""Tigrinya"" ;"
http://www.wikidata.org/entity/Q33017,Q33017,Toba Batak,Q33017_Toba_Batak,Q33017_Toba_Batak : Language ;,Q33017_Toba_Batak = mkNP Toba_Batak_N ;,"Toba_Batak_N : N = mkN ""Toba Batak"" ;"
http://www.wikidata.org/entity/Q34159,Q34159,Tok Pisin,Q34159_Tok_Pisin,Q34159_Tok_Pisin : Language ;,Q34159_Tok_Pisin = mkNP Tok_Pisin_N ;,"Tok_Pisin_N : N = mkN ""Tok Pisin"" ;"
http://www.wikidata.org/entity/Q34101,Q34101,Tonga,Q34101_Tonga,Q34101_Tonga : Language ;,Q34101_Tonga = mkNP Tonga_N ;,"Tonga_N : N = mkN ""Tonga"" ;"
http://www.wikidata.org/entity/Q180937,Q180937,Tosk,Q180937_Tosk,Q180937_Tosk : Language ;,Q180937_Tosk = mkNP Tosk_N ;,"Tosk_N : N = mkN ""Tosk"" ;"
http://www.wikidata.org/entity/Q34327,Q34327,Tsonga,Q34327_Tsonga,Q34327_Tsonga : Language ;,Q34327_Tsonga = mkNP Tsonga_N ;,"Tsonga_N : N = mkN ""Tsonga"" ;"
http://www.wikidata.org/entity/Q2085051,Q2085051,Tswa,Q2085051_Tswa,Q2085051_Tswa : Language ;,Q2085051_Tswa = mkNP Tswa_N ;,"Tswa_N : N = mkN ""Tswa"" ;"
http://www.wikidata.org/entity/Q34137,Q34137,Tswana,Q34137_Tswana,Q34137_Tswana : Language ;,Q34137_Tswana = mkNP Tswana_N ;,"Tswana_N : N = mkN ""Tswana"" ;"
http://www.wikidata.org/entity/Q34065,Q34065,Tuareg,Q34065_Tuareg,Q34065_Tuareg : Language ;,Q34065_Tuareg = mkNP Tuareg_N ;,"Tuareg_N : N = mkN ""Tuareg"" ;"
http://www.wikidata.org/entity/Q34251,Q34251,Tulu,Q34251_Tulu,Q34251_Tulu : Language ;,Q34251_Tulu = mkNP Tulu_N ;,"Tulu_N : N = mkN ""Tulu"" ;"
http://www.wikidata.org/entity/Q34138,Q34138,Tumbuka,Q34138_Tumbuka,Q34138_Tumbuka : Language ;,Q34138_Tumbuka = mkNP Tumbuka_N ;,"Tumbuka_N : N = mkN ""Tumbuka"" ;"
http://www.wikidata.org/entity/Q56240,Q56240,Tunisian Arabic,Q56240_Tunisian_Arabic,Q56240_Tunisian_Arabic : Language ;,Q56240_Tunisian_Arabic = mkNP Tunisian_Arabic_N ;,"Tunisian_Arabic_N : N = mkN ""Tunisian Arabic"" ;"
http://www.wikidata.org/entity/Q256,Q256,Turkish,Q256_Turkish,Q256_Turkish : Language ;,Q256_Turkish = mkNP Turkish_N ;,"Turkish_N : N = mkN ""Turkish"" ;"
http://www.wikidata.org/entity/Q9267,Q9267,Turkmen,Q9267_Turkmen,Q9267_Turkmen : Language ;,Q9267_Turkmen = mkNP Turkmen_N ;,"Turkmen_N : N = mkN ""Turkmen"" ;"
http://www.wikidata.org/entity/Q36850,Q36850,Twi,Q36850_Twi,Q36850_Twi : Language ;,Q36850_Twi = mkNP Twi_N ;,"Twi_N : N = mkN ""Twi"" ;"
http://www.wikidata.org/entity/Q2511476,Q2511476,Tày,Q2511476_Tay,Q2511476_Tay : Language ;,Q2511476_Tay = mkNP Tay_N ;,"Tay_N : N = mkN ""Tày"" ;"
http://www.wikidata.org/entity/Q8798,Q8798,Ukrainian,Q8798_Ukrainian,Q8798_Ukrainian : Language ;,Q8798_Ukrainian = mkNP Ukrainian_N ;,"Ukrainian_N : N = mkN ""Ukrainian"" ;"
http://www.wikidata.org/entity/Q36983,Q36983,Umbundu,Q36983_Umbundu,Q36983_Umbundu : Language ;,Q36983_Umbundu = mkNP Umbundu_N ;,"Umbundu_N : N = mkN ""Umbundu"" ;"
http://www.wikidata.org/entity/Q699284,Q699284,Upper Saxon,Q699284_Upper_Saxon,Q699284_Upper_Saxon : Language ;,Q699284_Upper_Saxon = mkNP Upper_Saxon_N ;,"Upper_Saxon_N : N = mkN ""Upper Saxon"" ;"
http://www.wikidata.org/entity/Q36663,Q36663,Urhobo,Q36663_Urhobo,Q36663_Urhobo : Language ;,Q36663_Urhobo = mkNP Urhobo_N ;,"Urhobo_N : N = mkN ""Urhobo"" ;"
http://www.wikidata.org/entity/Q13263,Q13263,Uyghur,Q13263_Uyghur,Q13263_Uyghur : Language ;,Q13263_Uyghur = mkNP Uyghur_N ;,"Uyghur_N : N = mkN ""Uyghur"" ;"
http://www.wikidata.org/entity/Q9264,Q9264,Uzbek,Q9264_Uzbek,Q9264_Uzbek : Language ;,Q9264_Uzbek = mkNP Uzbek_N ;,"Uzbek_N : N = mkN ""Uzbek"" ;"
http://www.wikidata.org/entity/Q32641,Q32641,Valencian,Q32641_Valencian,Q32641_Valencian : Language ;,Q32641_Valencian = mkNP Valencian_N ;,"Valencian_N : N = mkN ""Valencian"" ;"
http://www.wikidata.org/entity/Q32704,Q32704,Venda,Q32704_Venda,Q32704_Venda : Language ;,Q32704_Venda = mkNP Venda_N ;,"Venda_N : N = mkN ""Venda"" ;"
http://www.wikidata.org/entity/Q32724,Q32724,Venetian,Q32724_Venetian,Q32724_Venetian : Language ;,Q32724_Venetian = mkNP Venetian_N ;,"Venetian_N : N = mkN ""Venetian"" ;"
http://www.wikidata.org/entity/Q9199,Q9199,Vietnamese,Q9199_Vietnamese,Q9199_Vietnamese : Language ;,Q9199_Vietnamese = mkNP Vietnamese_N ;,"Vietnamese_N : N = mkN ""Vietnamese"" ;"
http://www.wikidata.org/entity/Q34279,Q34279,Waray,Q34279_Waray,Q34279_Waray : Language ;,Q34279_Waray = mkNP Waray_N ;,"Waray_N : N = mkN ""Waray"" ;"
http://www.wikidata.org/entity/Q100103,Q100103,West Flemish,Q100103_West_Flemish,Q100103_West_Flemish : Language ;,Q100103_West_Flemish = mkNP West_Flemish_N ;,"West_Flemish_N : N = mkN ""West Flemish"" ;"
http://www.wikidata.org/entity/Q168446,Q168446,West Low German,Q168446_West_Low_German,Q168446_West_Low_German : Language ;,Q168446_West_Low_German = mkNP West_Low_German_N ;,"West_Low_German_N : N = mkN ""West Low German"" ;"
http://www.wikidata.org/entity/Q180945,Q180945,Western Armenian,Q180945_Western_Armenian,Q180945_Western_Armenian : Language ;,Q180945_Western_Armenian = mkNP Western_Armenian_N ;,"Western_Armenian_N : N = mkN ""Western Armenian"" ;"
http://www.wikidata.org/entity/Q36943,Q36943,Wolayttattuwa,Q36943_Wolayttattuwa,Q36943_Wolayttattuwa : Language ;,Q36943_Wolayttattuwa = mkNP Wolayttattuwa_N ;,"Wolayttattuwa_N : N = mkN ""Wolayttattuwa"" ;"
http://www.wikidata.org/entity/Q34257,Q34257,Wolof,Q34257_Wolof,Q34257_Wolof : Language ;,Q34257_Wolof = mkNP Wolof_N ;,"Wolof_N : N = mkN ""Wolof"" ;"
http://www.wikidata.org/entity/Q34290,Q34290,Wu Chinese,Q34290_Wu_Chinese,Q34290_Wu_Chinese : Language ;,Q34290_Wu_Chinese = mkNP Wu_Chinese_N ;,"Wu_Chinese_N : N = mkN ""Wu Chinese"" ;"
http://www.wikidata.org/entity/Q13218,Q13218,Xhosa,Q13218_Xhosa,Q13218_Xhosa : Language ;,Q13218_Xhosa = mkNP Xhosa_N ;,"Xhosa_N : N = mkN ""Xhosa"" ;"
http://www.wikidata.org/entity/Q13220,Q13220,Xiang Chinese,Q13220_Xiang_Chinese,Q13220_Xiang_Chinese : Language ;,Q13220_Xiang_Chinese = mkNP Xiang_Chinese_N ;,"Xiang_Chinese_N : N = mkN ""Xiang Chinese"" ;"
http://www.wikidata.org/entity/Q8054983,Q8054983,Yongbei Zhuang,Q8054983_Yongbei_Zhuang,Q8054983_Yongbei_Zhuang : Language ;,Q8054983_Yongbei_Zhuang = mkNP Yongbei_Zhuang_N ;,"Yongbei_Zhuang_N : N = mkN ""Yongbei Zhuang"" ;"
http://www.wikidata.org/entity/Q34311,Q34311,Yoruba,Q34311_Yoruba,Q34311_Yoruba : Language ;,Q34311_Yoruba = mkNP Yoruba_N ;,"Yoruba_N : N = mkN ""Yoruba"" ;"
http://www.wikidata.org/entity/Q7033959,Q7033959,Yue Chinese,Q7033959_Yue_Chinese,Q7033959_Yue_Chinese : Language ;,Q7033959_Yue_Chinese = mkNP Yue_Chinese_N ;,"Yue_Chinese_N : N = mkN ""Yue Chinese"" ;"
http://www.wikidata.org/entity/Q10199,Q10199,Zazaki,Q10199_Zazaki,Q10199_Zazaki : Language ;,Q10199_Zazaki = mkNP Zazaki_N ;,"Zazaki_N : N = mkN ""Zazaki"" ;"
http://www.wikidata.org/entity/Q13216,Q13216,Zhuang,Q13216_Zhuang,Q13216_Zhuang : Language ;,Q13216_Zhuang = mkNP Zhuang_N ;,"Zhuang_N : N = mkN ""Zhuang"" ;"
http://www.wikidata.org/entity/Q10179,Q10179,Zulu,Q10179_Zulu,Q10179_Zulu : Language ;,Q10179_Zulu = mkNP Zulu_N ;,"Zulu_N : N = mkN ""Zulu"" ;"
